ticker,from,reason_shortlist,shortlist_details,price,market_cap,sector,industry,forward_pe,peg,revenue_growth,earnings_growth,operating_margin,roe,debt_to_equity,free_cashflow,analyst_recommendation,analyst_score,analyst_count,analyst_target_mean,short_float,short_ratio,currency,financial_currency,instrument_type,price_as_of,fcf_yield,analyst_upside,next_earnings_date,earnings_date_start,earnings_date_end,earnings_date_status,days_to_earnings,next_eps_estimate,next_revenue_estimate,eps_estimate_period,eps_consensus_current,eps_consensus_30d_ago,eps_revision_30d,eps_revisions_up_30d,eps_revisions_down_30d,missing_fields,yahoo_fetched_at,yahoo_status,yahoo_errors,return_1d,return_5d,return_20d,median_dollar_volume_20,relative_volume_20,pct_relative_volume,atr14_pct,rv20,vol_expansion,pct_vol_expansion,normalized_move_1d,pct_normalized_move,distance_sma20,stretch_atr,pct_stretch_atr,breakout_direction,breakout_strength,bb_width_percentile_60,technical_source,technical_as_of,technical_status
DTE,"[""community""]","[""all-stocks #8 57 mentions 188 upvotes; options #1 9 mentions 46 upvotes""]","[{""from"": ""community"", ""Rank"": ""1"", ""Ticker"": ""DTE"", ""Name"": ""DTE Energy"", ""Best source rank"": ""1"", ""Source details"": ""all-stocks #8 57 mentions 188 upvotes; options #1 9 mentions 46 upvotes""}]",,,,,,,,,,,,,,,,,,,,,,,,,,,,,,,,0q,,,,,,"[""price"", ""market_cap"", ""sector"", ""industry"", ""forward_pe"", ""peg"", ""revenue_growth"", ""earnings_growth"", ""operating_margin"", ""roe"", ""debt_to_equity"", ""free_cashflow"", ""analyst_recommendation"", ""analyst_score"", ""analyst_count"", ""analyst_target_mean"", ""short_float"", ""short_ratio"", ""currency"", ""financial_currency"", ""instrument_type"", ""price_as_of"", ""fcf_yield"", ""analyst_upside"", ""next_earnings_date"", ""earnings_date_start"", ""earnings_date_end"", ""earnings_date_status"", ""days_to_earnings"", ""next_eps_estimate"", ""next_revenue_estimate"", ""eps_consensus_current"", ""eps_consensus_30d_ago"", ""eps_revision_30d"", ""eps_revisions_up_30d"", ""eps_revisions_down_30d""]",2026-09-10T15:17:20.274192+00:00,error,"{""info"": ""DNSError"", ""calendar"": ""DNSError"", ""get_eps_trend"": ""DNSError"", ""get_eps_revisions"": ""DNSError"", ""get_earnings_estimate"": ""DNSError"", ""get_revenue_estimate"": ""DNSError""}",-0.008852459016393421,3.6756597809217695e-05,-0.011732655285143556,6274064.81,1.1065144925936554,0.537833424060969,0.01319775898009442,0.008226296152646327,0.8845837372820267,0.5100707675557975,0.6767455739009364,0.6445291235710398,-0.010769287315764351,0.8159936343743797,0.30484485574305936,none,0.0,0.016666666666666666,stage1_screen,2026-09-09,ok
SPY,"[""community""]","[""all-stocks #1 217 mentions 611 upvotes; options #3 8 mentions 12 upvotes""]","[{""from"": ""community"", ""Rank"": ""2"", ""Ticker"": ""SPY"", ""Name"": ""SPDR S&amp;P 500 ETF Trust"", ""Best source rank"": ""1"", ""Source details"": ""all-stocks #1 217 mentions 611 upvotes; options #3 8 mentions 12 upvotes""}]",,,,,,,,,,,,,,,,,,,,,,,,,,,,,,,,0q,,,,,,"[""price"", ""market_cap"", ""sector"", ""industry"", ""forward_pe"", ""peg"", ""revenue_growth"", ""earnings_growth"", ""operating_margin"", ""roe"", ""debt_to_equity"", ""free_cashflow"", ""analyst_recommendation"", ""analyst_score"", ""analyst_count"", ""analyst_target_mean"", ""short_float"", ""short_ratio"", ""currency"", ""financial_currency"", ""instrument_type"", ""price_as_of"", ""fcf_yield"", ""analyst_upside"", ""next_earnings_date"", ""earnings_date_start"", ""earnings_date_end"", ""earnings_date_status"", ""days_to_earnings"", ""next_eps_estimate"", ""next_revenue_estimate"", ""eps_consensus_current"", ""eps_consensus_30d_ago"", ""eps_revision_30d"", ""eps_revisions_up_30d"", ""eps_revisions_down_30d""]",2026-09-10T15:17:20.274182+00:00,error,"{""info"": ""DNSError"", ""calendar"": ""DNSError"", ""get_eps_trend"": ""DNSError"", ""get_eps_revisions"": ""DNSError"", ""get_earnings_estimate"": ""DNSError"", ""get_revenue_estimate"": ""DNSError""}",-0.004745059133749341,0.0010438139253967638,-0.01050589212479891,944578978.595,0.933173011773154,0.37615677735438213,0.007120606710730319,0.005170528931885641,1.2061028982834188,0.8345127925966249,0.6695612130780864,0.6352749047359826,-0.0081758861527364,1.1482007762647302,0.4180729450190528,none,0.0,0.03333333333333333,stage1_screen,2026-09-09,ok
AAPL,"[""community""]","[""all-stocks #2 158 mentions 11709 upvotes; options #9 1 mentions 1 upvotes""]","[{""from"": ""community"", ""Rank"": ""3"", ""Ticker"": ""AAPL"", ""Name"": ""Apple"", ""Best source rank"": ""2"", ""Source details"": ""all-stocks #2 158 mentions 11709 upvotes; options #9 1 mentions 1 upvotes""}]",,,,,,,,,,,,,,,,,,,,,,,,,,,,,,,,0q,,,,,,"[""price"", ""market_cap"", ""sector"", ""industry"", ""forward_pe"", ""peg"", ""revenue_growth"", ""earnings_growth"", ""operating_margin"", ""roe"", ""debt_to_equity"", ""free_cashflow"", ""analyst_recommendation"", ""analyst_score"", ""analyst_count"", ""analyst_target_mean"", ""short_float"", ""short_ratio"", ""currency"", ""financial_currency"", ""instrument_type"", ""price_as_of"", ""fcf_yield"", ""analyst_upside"", ""next_earnings_date"", ""earnings_date_start"", ""earnings_date_end"", ""earnings_date_status"", ""days_to_earnings"", ""next_eps_estimate"", ""next_revenue_estimate"", ""eps_consensus_current"", ""eps_consensus_30d_ago"", ""eps_revision_30d"", ""eps_revisions_up_30d"", ""eps_revisions_down_30d""]",2026-09-10T15:17:20.809708+00:00,error,"{""info"": ""DNSError"", ""calendar"": ""DNSError"", ""get_eps_trend"": ""DNSError"", ""get_eps_revisions"": ""DNSError"", ""get_earnings_estimate"": ""DNSError"", ""get_revenue_estimate"": ""DNSError""}",-0.0026560424966798335,-0.03022290545734041,0.03455401216852261,355530838.47749996,2.157356769205187,0.9308655416439847,0.023390581265795254,0.012578774003848601,0.9408836679087221,0.5743059335873707,0.11385419692128623,0.09961894393032118,0.005876291928222677,0.2512247071352499,0.0979858464888405,none,0.0,0.11666666666666667,stage1_screen,2026-09-09,ok
MU,"[""community""]","[""all-stocks #3 95 mentions 182 upvotes; options #2 8 mentions 11 upvotes""]","[{""from"": ""community"", ""Rank"": ""4"", ""Ticker"": ""MU"", ""Name"": ""Micron Technology"", ""Best source rank"": ""2"", ""Source details"": ""all-stocks #3 95 mentions 182 upvotes; options #2 8 mentions 11 upvotes""}]",,,,,,,,,,,,,,,,,,,,,,,,,,,,,,,,0q,,,,,,"[""price"", ""market_cap"", ""sector"", ""industry"", ""forward_pe"", ""peg"", ""revenue_growth"", ""earnings_growth"", ""operating_margin"", ""roe"", ""debt_to_equity"", ""free_cashflow"", ""analyst_recommendation"", ""analyst_score"", ""analyst_count"", ""analyst_target_mean"", ""short_float"", ""short_ratio"", ""currency"", ""financial_currency"", ""instrument_type"", ""price_as_of"", ""fcf_yield"", ""analyst_upside"", ""next_earnings_date"", ""earnings_date_start"", ""earnings_date_end"", ""earnings_date_status"", ""days_to_earnings"", ""next_eps_estimate"", ""next_revenue_estimate"", ""eps_consensus_current"", ""eps_consensus_30d_ago"", ""eps_revision_30d"", ""eps_revisions_up_30d"", ""eps_revisions_down_30d""]",2026-09-10T15:17:20.809504+00:00,error,"{""info"": ""DNSError"", ""calendar"": ""DNSError"", ""get_eps_trend"": ""DNSError"", ""get_eps_revisions"": ""DNSError"", ""get_earnings_estimate"": ""DNSError"", ""get_revenue_estimate"": ""DNSError""}",0.027422595899107227,0.101099277862301,0.18370661306949398,592137881.0,0.8659918778091117,0.3081110506260207,0.042006422107618936,0.03331490768135556,0.7283195957932943,0.32389765922700053,0.6353949501968977,0.6042460533478498,0.07591198793422209,1.8071519573778105,0.6194882961350027,none,0.0,0.0,stage1_screen,2026-09-09,ok
META,"[""community"", ""rrf""]","[""all-stocks #4 91 mentions 452 upvotes"", ""bullish 20-day breakout, 5-day momentum is in the 96% percentile, relative volume 2.65x; stock moved 2.27 ATR today and is 4.28 ATR from its 20-day mean""]","[{""from"": ""community"", ""Rank"": ""5"", ""Ticker"": ""META"", ""Name"": ""Meta Platforms (Facebook)"", ""Best source rank"": ""4"", ""Source details"": ""all-stocks #4 91 mentions 452 upvotes""}, {""from"": ""rrf"", ""Rank"": ""19"", ""Ticker"": ""META"", ""RRF score"": ""0.097285"", ""Category rank and score"": ""momentum_breakout r7 s=0.9726; stretched_reversal r16 s=0.982"", ""Direction"": ""bearish_reversal"", ""Risk"": ""normal"", ""Price"": ""$653.41"", ""Reasons"": ""bullish 20-day breakout, 5-day momentum is in the 96% percentile, relative volume 2.65x; stock moved 2.27 ATR today and is 4.28 ATR from its 20-day mean""}]",,,,,,,,,,,,,,,,,,,,,,,,,,,,,,,,0q,,,,,,"[""price"", ""market_cap"", ""sector"", ""industry"", ""forward_pe"", ""peg"", ""revenue_growth"", ""earnings_growth"", ""operating_margin"", ""roe"", ""debt_to_equity"", ""free_cashflow"", ""analyst_recommendation"", ""analyst_score"", ""analyst_count"", ""analyst_target_mean"", ""short_float"", ""short_ratio"", ""currency"", ""financial_currency"", ""instrument_type"", ""price_as_of"", ""fcf_yield"", ""analyst_upside"", ""next_earnings_date"", ""earnings_date_start"", ""earnings_date_end"", ""earnings_date_status"", ""days_to_earnings"", ""next_eps_estimate"", ""next_revenue_estimate"", ""eps_consensus_current"", ""eps_consensus_30d_ago"", ""eps_revision_30d"", ""eps_revisions_up_30d"", ""eps_revisions_down_30d""]",2026-09-10T15:17:21.319625+00:00,error,"{""info"": ""DNSError"", ""calendar"": ""DNSError"", ""get_eps_trend"": ""DNSError"", ""get_eps_revisions"": ""DNSError"", ""get_earnings_estimate"": ""DNSError"", ""get_revenue_estimate"": ""DNSError""}",0.06529607408373539,0.12906068565109186,0.0906344410876132,293029460.605,2.6478839340826923,0.9635274904735982,0.027021428243478748,0.024330642297730028,0.9445396174695134,0.577572128470332,2.2683415255780033,0.9891126837234622,0.11571639552501485,4.282393753666275,0.974959172563963,bullish,1.6402289782956023,0.4166666666666667,stage1_screen,2026-09-09,ok
NVDA,"[""community""]","[""all-stocks #5 69 mentions 157 upvotes; options #4 5 mentions 9 upvotes""]","[{""from"": ""community"", ""Rank"": ""6"", ""Ticker"": ""NVDA"", ""Name"": ""NVIDIA"", ""Best source rank"": ""4"", ""Source details"": ""all-stocks #5 69 mentions 157 upvotes; options #4 5 mentions 9 upvotes""}]",,,,,,,,,,,,,,,,,,,,,,,,,,,,,,,,0q,,,,,,"[""price"", ""market_cap"", ""sector"", ""industry"", ""forward_pe"", ""peg"", ""revenue_growth"", ""earnings_growth"", ""operating_margin"", ""roe"", ""debt_to_equity"", ""free_cashflow"", ""analyst_recommendation"", ""analyst_score"", ""analyst_count"", ""analyst_target_mean"", ""short_float"", ""short_ratio"", ""currency"", ""financial_currency"", ""instrument_type"", ""price_as_of"", ""fcf_yield"", ""analyst_upside"", ""next_earnings_date"", ""earnings_date_start"", ""earnings_date_end"", ""earnings_date_status"", ""days_to_earnings"", ""next_eps_estimate"", ""next_revenue_estimate"", ""eps_consensus_current"", ""eps_consensus_30d_ago"", ""eps_revision_30d"", ""eps_revisions_up_30d"", ""eps_revisions_down_30d""]",2026-09-10T15:17:21.319657+00:00,error,"{""info"": ""DNSError"", ""calendar"": ""DNSError"", ""get_eps_trend"": ""DNSError"", ""get_eps_revisions"": ""DNSError"", ""get_earnings_estimate"": ""DNSError"", ""get_revenue_estimate"": ""DNSError""}",-0.009078026746966561,0.028874890799577058,0.029064152678776933,747543688.32,0.6491898465981548,0.10887316276537834,0.034616219460032294,0.02727366717663056,0.6674295706063365,0.2640174197060425,0.2646502835538731,0.26292868807838865,0.014530544755776115,0.4197611692563079,0.15568862275449102,none,0.0,0.1,stage1_screen,2026-09-09,ok
CC,"[""community""]","[""all-stocks #31 20 mentions 25 upvotes; options #5 4 mentions 5 upvotes""]","[{""from"": ""community"", ""Rank"": ""7"", ""Ticker"": ""CC"", ""Name"": ""Chemours"", ""Best source rank"": ""5"", ""Source details"": ""all-stocks #31 20 mentions 25 upvotes; options #5 4 mentions 5 upvotes""}]",,,,,,,,,,,,,,,,,,,,,,,,,,,,,,,,0q,,,,,,"[""price"", ""market_cap"", ""sector"", ""industry"", ""forward_pe"", ""peg"", ""revenue_growth"", ""earnings_growth"", ""operating_margin"", ""roe"", ""debt_to_equity"", ""free_cashflow"", ""analyst_recommendation"", ""analyst_score"", ""analyst_count"", ""analyst_target_mean"", ""short_float"", ""short_ratio"", ""currency"", ""financial_currency"", ""instrument_type"", ""price_as_of"", ""fcf_yield"", ""analyst_upside"", ""next_earnings_date"", ""earnings_date_start"", ""earnings_date_end"", ""earnings_date_status"", ""days_to_earnings"", ""next_eps_estimate"", ""next_revenue_estimate"", ""eps_consensus_current"", ""eps_consensus_30d_ago"", ""eps_revision_30d"", ""eps_revisions_up_30d"", ""eps_revisions_down_30d"", ""pct_relative_volume"", ""pct_vol_expansion"", ""pct_normalized_move"", ""pct_stretch_atr""]",2026-09-10T15:17:21.816364+00:00,error,"{""info"": ""DNSError"", ""calendar"": ""DNSError"", ""get_eps_trend"": ""DNSError"", ""get_eps_revisions"": ""DNSError"", ""get_earnings_estimate"": ""DNSError"", ""get_revenue_estimate"": ""DNSError""}",-0.025889967637540368,-0.0029811195760185427,0.01586230172122849,1258566.31,0.9933091998502059,,0.036805885144755565,0.02169931855428874,1.0437766317356705,,0.7221147646679538,,-0.03265780730897,0.8872985170857486,,none,0.0,0.0,stage1_screen,2026-09-09,partial
AVAV,"[""community""]","[""all-stocks #6 67 mentions 124 upvotes""]","[{""from"": ""community"", ""Rank"": ""8"", ""Ticker"": ""AVAV"", ""Name"": ""AeroVironment"", ""Best source rank"": ""6"", ""Source details"": ""all-stocks #6 67 mentions 124 upvotes""}]",,,,,,,,,,,,,,,,,,,,,,,,,,,,,,,,0q,,,,,,"[""price"", ""market_cap"", ""sector"", ""industry"", ""forward_pe"", ""peg"", ""revenue_growth"", ""earnings_growth"", ""operating_margin"", ""roe"", ""debt_to_equity"", ""free_cashflow"", ""analyst_recommendation"", ""analyst_score"", ""analyst_count"", ""analyst_target_mean"", ""short_float"", ""short_ratio"", ""currency"", ""financial_currency"", ""instrument_type"", ""price_as_of"", ""fcf_yield"", ""analyst_upside"", ""next_earnings_date"", ""earnings_date_start"", ""earnings_date_end"", ""earnings_date_status"", ""days_to_earnings"", ""next_eps_estimate"", ""next_revenue_estimate"", ""eps_consensus_current"", ""eps_consensus_30d_ago"", ""eps_revision_30d"", ""eps_revisions_up_30d"", ""eps_revisions_down_30d""]",2026-09-10T15:17:21.816477+00:00,error,"{""info"": ""DNSError"", ""calendar"": ""DNSError"", ""get_eps_trend"": ""DNSError"", ""get_eps_revisions"": ""DNSError"", ""get_earnings_estimate"": ""DNSError"", ""get_revenue_estimate"": ""DNSError""}",-0.05278375470683161,-0.023126798654693026,-0.2809820334830543,6206536.605,2.0822582133020573,0.91943385955362,0.04958725876948351,0.032017092372060095,0.9011611116599344,0.5307566684812194,1.123779334321795,0.9020141535111595,-0.15036026123376167,3.0322357993762474,0.8764289602612956,none,0.0,0.9,stage1_screen,2026-09-09,ok
TSLA,"[""community""]","[""all-stocks #17 36 mentions 67 upvotes; options #6 3 mentions 4 upvotes""]","[{""from"": ""community"", ""Rank"": ""9"", ""Ticker"": ""TSLA"", ""Name"": ""Tesla"", ""Best source rank"": ""6"", ""Source details"": ""all-stocks #17 36 mentions 67 upvotes; options #6 3 mentions 4 upvotes""}]",,,,,,,,,,,,,,,,,,,,,,,,,,,,,,,,0q,,,,,,"[""price"", ""market_cap"", ""sector"", ""industry"", ""forward_pe"", ""peg"", ""revenue_growth"", ""earnings_growth"", ""operating_margin"", ""roe"", ""debt_to_equity"", ""free_cashflow"", ""analyst_recommendation"", ""analyst_score"", ""analyst_count"", ""analyst_target_mean"", ""short_float"", ""short_ratio"", ""currency"", ""financial_currency"", ""instrument_type"", ""price_as_of"", ""fcf_yield"", ""analyst_upside"", ""next_earnings_date"", ""earnings_date_start"", ""earnings_date_end"", ""earnings_date_status"", ""days_to_earnings"", ""next_eps_estimate"", ""next_revenue_estimate"", ""eps_consensus_current"", ""eps_consensus_30d_ago"", ""eps_revision_30d"", ""eps_revisions_up_30d"", ""eps_revisions_down_30d""]",2026-09-10T15:17:22.329707+00:00,error,"{""info"": ""DNSError"", ""calendar"": ""DNSError"", ""get_eps_trend"": ""DNSError"", ""get_eps_revisions"": ""DNSError"", ""get_earnings_estimate"": ""DNSError"", ""get_revenue_estimate"": ""DNSError""}",-0.0007876582106578489,0.03316670411143563,0.10542209401902003,248695706.17000002,0.7679678558900751,0.20740337506804574,0.04263793913553351,0.03204185824564345,1.2405291483541099,0.8666303756124115,0.018487739350198255,0.014697876973326075,0.047837668868411724,1.1219507752555724,0.40772999455634185,none,0.0,0.0,stage1_screen,2026-09-09,ok
AEO,"[""community""]","[""all-stocks #7 67 mentions 155 upvotes""]","[{""from"": ""community"", ""Rank"": ""10"", ""Ticker"": ""AEO"", ""Name"": ""American Eagle Outfitters"", ""Best source rank"": ""7"", ""Source details"": ""all-stocks #7 67 mentions 155 upvotes""}]",,,,,,,,,,,,,,,,,,,,,,,,,,,,,,,,0q,,,,,,"[""price"", ""market_cap"", ""sector"", ""industry"", ""forward_pe"", ""peg"", ""revenue_growth"", ""earnings_growth"", ""operating_margin"", ""roe"", ""debt_to_equity"", ""free_cashflow"", ""analyst_recommendation"", ""analyst_score"", ""analyst_count"", ""analyst_target_mean"", ""short_float"", ""short_ratio"", ""currency"", ""financial_currency"", ""instrument_type"", ""price_as_of"", ""fcf_yield"", ""analyst_upside"", ""next_earnings_date"", ""earnings_date_start"", ""earnings_date_end"", ""earnings_date_status"", ""days_to_earnings"", ""next_eps_estimate"", ""next_revenue_estimate"", ""eps_consensus_current"", ""eps_consensus_30d_ago"", ""eps_revision_30d"", ""eps_revisions_up_30d"", ""eps_revisions_down_30d""]",2026-09-10T15:17:22.329687+00:00,error,"{""info"": ""DNSError"", ""calendar"": ""DNSError"", ""get_eps_trend"": ""DNSError"", ""get_eps_revisions"": ""DNSError"", ""get_earnings_estimate"": ""DNSError"", ""get_revenue_estimate"": ""DNSError""}",-0.0194371917609516,0.0193003618817853,-0.026497695852534586,5637156.1850000005,2.4229196526739742,0.9520958083832335,0.039539306846999134,0.0280926148026014,0.5756652936675267,0.18562874251497005,0.5013361838589006,0.49918345127925967,0.012278106508875716,0.31052912880812356,0.12030484485574305,none,0.0,0.016666666666666666,stage1_screen,2026-09-09,ok
HOOD,"[""experts""]","[""Fresh initiation plus a multi-firm cluster of dated bullish analyst actions.""]","[{""from"": ""experts"", ""Rank"": ""1"", ""Ticker"": ""HOOD"", ""Company"": ""Robinhood Markets"", ""Direction"": ""bullish"", ""Strength"": ""high"", ""Event dates"": ""2026-09-08 to 2026-09-09"", ""Events"": ""5"", ""Firms"": ""5"", ""Sources"": ""24/7 Wall St.; MarketBeat"", ""Summary"": ""Robinhood received a fresh Buy initiation and several dated MarketBeat target increases or bullish reiterations across multiple firms."", ""Reason"": ""Fresh initiation plus a multi-firm cluster of dated bullish analyst actions.""}]",,,,,,,,,,,,,,,,,,,,,,,,,,,,,,,,0q,,,,,,"[""price"", ""market_cap"", ""sector"", ""industry"", ""forward_pe"", ""peg"", ""revenue_growth"", ""earnings_growth"", ""operating_margin"", ""roe"", ""debt_to_equity"", ""free_cashflow"", ""analyst_recommendation"", ""analyst_score"", ""analyst_count"", ""analyst_target_mean"", ""short_float"", ""short_ratio"", ""currency"", ""financial_currency"", ""instrument_type"", ""price_as_of"", ""fcf_yield"", ""analyst_upside"", ""next_earnings_date"", ""earnings_date_start"", ""earnings_date_end"", ""earnings_date_status"", ""days_to_earnings"", ""next_eps_estimate"", ""next_revenue_estimate"", ""eps_consensus_current"", ""eps_consensus_30d_ago"", ""eps_revision_30d"", ""eps_revisions_up_30d"", ""eps_revisions_down_30d""]",2026-09-10T15:17:22.850205+00:00,error,"{""info"": ""DNSError"", ""calendar"": ""DNSError"", ""get_eps_trend"": ""DNSError"", ""get_eps_revisions"": ""DNSError"", ""get_earnings_estimate"": ""DNSError"", ""get_revenue_estimate"": ""DNSError""}",-0.017721734685183566,0.11396685830233344,0.2216806188407332,60022040.135,0.9435464029130991,0.39031028851388133,0.0655087171480614,0.055598885414018556,1.2584050888513632,0.8829613500272183,0.27540549486924837,0.2759934676102341,0.09427747419550704,1.4391592188017224,0.5138813282525857,none,0.0,0.75,stage1_recovered_from_db,2026-09-09,ok
FIGR,"[""experts""]","[""Fresh cross-source rating upgrade with a material target increase.""]","[{""from"": ""experts"", ""Rank"": ""2"", ""Ticker"": ""FIGR"", ""Company"": ""Figure Technology Solutions"", ""Direction"": ""bullish"", ""Strength"": ""high"", ""Event dates"": ""2026-09-09"", ""Events"": ""2"", ""Firms"": ""1"", ""Sources"": ""24/7 Wall St.; MarketBeat"", ""Summary"": ""Bank of America upgraded Figure Technology Solutions from Underperform to Neutral with a $49 target in both required source streams."", ""Reason"": ""Fresh cross-source rating upgrade with a material target increase.""}]",,,,,,,,,,,,,,,,,,,,,,,,,,,,,,,,0q,,,,,,"[""price"", ""market_cap"", ""sector"", ""industry"", ""forward_pe"", ""peg"", ""revenue_growth"", ""earnings_growth"", ""operating_margin"", ""roe"", ""debt_to_equity"", ""free_cashflow"", ""analyst_recommendation"", ""analyst_score"", ""analyst_count"", ""analyst_target_mean"", ""short_float"", ""short_ratio"", ""currency"", ""financial_currency"", ""instrument_type"", ""price_as_of"", ""fcf_yield"", ""analyst_upside"", ""next_earnings_date"", ""earnings_date_start"", ""earnings_date_end"", ""earnings_date_status"", ""days_to_earnings"", ""next_eps_estimate"", ""next_revenue_estimate"", ""eps_consensus_current"", ""eps_consensus_30d_ago"", ""eps_revision_30d"", ""eps_revisions_up_30d"", ""eps_revisions_down_30d""]",2026-09-10T15:17:22.850382+00:00,error,"{""info"": ""DNSError"", ""calendar"": ""DNSError"", ""get_eps_trend"": ""DNSError"", ""get_eps_revisions"": ""DNSError"", ""get_earnings_estimate"": ""DNSError"", ""get_revenue_estimate"": ""DNSError""}",-0.005099372384937295,0.12976985894580562,0.366558908045977,8954745.870000001,2.1569901220449155,0.9303211758301578,0.06818992546420594,0.058782266553639835,0.7215557599925446,0.31682090364725096,0.07516519823788555,0.05933587370713119,0.0671178867131029,0.984278634361233,0.35547087642896025,none,0.0,0.6333333333333333,stage1_recovered_from_db,2026-09-09,ok
QCOM,"[""experts""]","[""Fresh cross-source bullish attention from an upgrade and a dated Buy reiteration.""]","[{""from"": ""experts"", ""Rank"": ""3"", ""Ticker"": ""QCOM"", ""Company"": ""Qualcomm"", ""Direction"": ""bullish"", ""Strength"": ""high"", ""Event dates"": ""2026-09-09"", ""Events"": ""2"", ""Firms"": ""2"", ""Sources"": ""24/7 Wall St.; MarketBeat"", ""Summary"": ""Qualcomm received a fresh Strong Buy upgrade at CFRA and a same-day bullish Buy reiteration with a $235 target at Rosenblatt."", ""Reason"": ""Fresh cross-source bullish attention from an upgrade and a dated Buy reiteration.""}]",,,,,,,,,,,,,,,,,,,,,,,,,,,,,,,,0q,,,,,,"[""price"", ""market_cap"", ""sector"", ""industry"", ""forward_pe"", ""peg"", ""revenue_growth"", ""earnings_growth"", ""operating_margin"", ""roe"", ""debt_to_equity"", ""free_cashflow"", ""analyst_recommendation"", ""analyst_score"", ""analyst_count"", ""analyst_target_mean"", ""short_float"", ""short_ratio"", ""currency"", ""financial_currency"", ""instrument_type"", ""price_as_of"", ""fcf_yield"", ""analyst_upside"", ""next_earnings_date"", ""earnings_date_start"", ""earnings_date_end"", ""earnings_date_status"", ""days_to_earnings"", ""next_eps_estimate"", ""next_revenue_estimate"", ""eps_consensus_current"", ""eps_consensus_30d_ago"", ""eps_revision_30d"", ""eps_revisions_up_30d"", ""eps_revisions_down_30d""]",2026-09-10T15:17:23.336436+00:00,error,"{""info"": ""DNSError"", ""calendar"": ""DNSError"", ""get_eps_trend"": ""DNSError"", ""get_eps_revisions"": ""DNSError"", ""get_earnings_estimate"": ""DNSError"", ""get_revenue_estimate"": ""DNSError""}",0.013384650735293935,0.058978899660833806,0.08479891772229742,41054609.7375,1.4407523436713472,0.7572128470332063,0.03180294281989197,0.015939172688454,0.8808178933527051,0.5057158410451824,0.41530332930167146,0.4229722373434948,0.0668853806473556,2.1031192310140687,0.6929776810016332,none,0.0,0.1,stage1_recovered_from_db,2026-09-09,ok
TMO,"[""experts""]","[""Fresh bullish rating upgrade with a substantial target increase.""]","[{""from"": ""experts"", ""Rank"": ""4"", ""Ticker"": ""TMO"", ""Company"": ""Thermo Fisher Scientific"", ""Direction"": ""bullish"", ""Strength"": ""high"", ""Event dates"": ""2026-09-09"", ""Events"": ""1"", ""Firms"": ""1"", ""Sources"": ""24/7 Wall St."", ""Summary"": ""UBS upgraded Thermo Fisher Scientific from Neutral to Buy and raised its target from $540 to $730."", ""Reason"": ""Fresh bullish rating upgrade with a substantial target increase.""}]",,,,,,,,,,,,,,,,,,,,,,,,,,,,,,,,0q,,,,,,"[""price"", ""market_cap"", ""sector"", ""industry"", ""forward_pe"", ""peg"", ""revenue_growth"", ""earnings_growth"", ""operating_margin"", ""roe"", ""debt_to_equity"", ""free_cashflow"", ""analyst_recommendation"", ""analyst_score"", ""analyst_count"", ""analyst_target_mean"", ""short_float"", ""short_ratio"", ""currency"", ""financial_currency"", ""instrument_type"", ""price_as_of"", ""fcf_yield"", ""analyst_upside"", ""next_earnings_date"", ""earnings_date_start"", ""earnings_date_end"", ""earnings_date_status"", ""days_to_earnings"", ""next_eps_estimate"", ""next_revenue_estimate"", ""eps_consensus_current"", ""eps_consensus_30d_ago"", ""eps_revision_30d"", ""eps_revisions_up_30d"", ""eps_revisions_down_30d""]",2026-09-10T15:17:23.336157+00:00,error,"{""info"": ""DNSError"", ""calendar"": ""DNSError"", ""get_eps_trend"": ""DNSError"", ""get_eps_revisions"": ""DNSError"", ""get_earnings_estimate"": ""DNSError"", ""get_revenue_estimate"": ""DNSError""}",0.004957225280191047,0.009627396438862679,0.0021824314270124656,51592384.655,1.602130502249729,0.8154599891126837,0.025247758098537593,0.015145591609714236,0.8490602387093201,0.4692433315187806,0.19537467036942033,0.18889493739793142,-0.009882867277076627,0.3914354390796015,0.14643440391943385,none,0.0,0.06666666666666667,stage1_recovered_from_db,2026-09-09,ok
MLM,"[""experts""]","[""Fresh bullish rating upgrade with a higher price target.""]","[{""from"": ""experts"", ""Rank"": ""5"", ""Ticker"": ""MLM"", ""Company"": ""Martin Marietta Materials"", ""Direction"": ""bullish"", ""Strength"": ""high"", ""Event dates"": ""2026-09-09"", ""Events"": ""1"", ""Firms"": ""1"", ""Sources"": ""24/7 Wall St."", ""Summary"": ""Wells Fargo raised Martin Marietta Materials from Equal Weight to Overweight and increased the target from $581 to $609."", ""Reason"": ""Fresh bullish rating upgrade with a higher price target.""}]",,,,,,,,,,,,,,,,,,,,,,,,,,,,,,,,0q,,,,,,"[""price"", ""market_cap"", ""sector"", ""industry"", ""forward_pe"", ""peg"", ""revenue_growth"", ""earnings_growth"", ""operating_margin"", ""roe"", ""debt_to_equity"", ""free_cashflow"", ""analyst_recommendation"", ""analyst_score"", ""analyst_count"", ""analyst_target_mean"", ""short_float"", ""short_ratio"", ""currency"", ""financial_currency"", ""instrument_type"", ""price_as_of"", ""fcf_yield"", ""analyst_upside"", ""next_earnings_date"", ""earnings_date_start"", ""earnings_date_end"", ""earnings_date_status"", ""days_to_earnings"", ""next_eps_estimate"", ""next_revenue_estimate"", ""eps_consensus_current"", ""eps_consensus_30d_ago"", ""eps_revision_30d"", ""eps_revisions_up_30d"", ""eps_revisions_down_30d""]",2026-09-10T15:17:23.838356+00:00,error,"{""info"": ""DNSError"", ""calendar"": ""DNSError"", ""get_eps_trend"": ""DNSError"", ""get_eps_revisions"": ""DNSError"", ""get_earnings_estimate"": ""DNSError"", ""get_revenue_estimate"": ""DNSError""}",-0.017674055268040112,-0.004039284017107625,-0.09125399721775573,30572577.21,1.331424837949829,0.698421339139902,0.022960096563476286,0.015765890982928285,1.010125423910089,0.6559608056614045,0.7836224758017092,0.7250952640174197,-0.051821570576540694,2.2570275535763957,0.7272727272727273,none,0.0,0.16666666666666666,stage1_recovered_from_db,2026-09-09,ok
MTB,"[""experts""]","[""Fresh clear rating upgrade from a major brokerage.""]","[{""from"": ""experts"", ""Rank"": ""6"", ""Ticker"": ""MTB"", ""Company"": ""M&T Bank"", ""Direction"": ""bullish"", ""Strength"": ""medium"", ""Event dates"": ""2026-09-09"", ""Events"": ""1"", ""Firms"": ""1"", ""Sources"": ""24/7 Wall St."", ""Summary"": ""Morgan Stanley upgraded M&T Bank from Equal Weight to Overweight with a $304 target."", ""Reason"": ""Fresh clear rating upgrade from a major brokerage.""}]",,,,,,,,,,,,,,,,,,,,,,,,,,,,,,,,0q,,,,,,"[""price"", ""market_cap"", ""sector"", ""industry"", ""forward_pe"", ""peg"", ""revenue_growth"", ""earnings_growth"", ""operating_margin"", ""roe"", ""debt_to_equity"", ""free_cashflow"", ""analyst_recommendation"", ""analyst_score"", ""analyst_count"", ""analyst_target_mean"", ""short_float"", ""short_ratio"", ""currency"", ""financial_currency"", ""instrument_type"", ""price_as_of"", ""fcf_yield"", ""analyst_upside"", ""next_earnings_date"", ""earnings_date_start"", ""earnings_date_end"", ""earnings_date_status"", ""days_to_earnings"", ""next_eps_estimate"", ""next_revenue_estimate"", ""eps_consensus_current"", ""eps_consensus_30d_ago"", ""eps_revision_30d"", ""eps_revisions_up_30d"", ""eps_revisions_down_30d""]",2026-09-10T15:17:23.838357+00:00,error,"{""info"": ""DNSError"", ""calendar"": ""DNSError"", ""get_eps_trend"": ""DNSError"", ""get_eps_revisions"": ""DNSError"", ""get_earnings_estimate"": ""DNSError"", ""get_revenue_estimate"": ""DNSError""}",-0.0020336708807682236,0.025508445363667587,-0.05504933198340389,8285794.76,1.1595331866095215,0.5808383233532934,0.017635054021608643,0.011582063326186363,0.8488322171699205,0.46869896570495373,0.11555479918312103,0.1045182362547632,-0.021141806722689026,1.1988512593601062,0.43658138268916713,none,0.0,0.75,stage1_recovered_from_db,2026-09-09,ok
ANF,"[""experts""]","[""Fresh bullish initiation with an explicit target.""]","[{""from"": ""experts"", ""Rank"": ""7"", ""Ticker"": ""ANF"", ""Company"": ""Abercrombie & Fitch"", ""Direction"": ""bullish"", ""Strength"": ""medium"", ""Event dates"": ""2026-09-09"", ""Events"": ""1"", ""Firms"": ""1"", ""Sources"": ""24/7 Wall St."", ""Summary"": ""BMO Capital initiated Abercrombie & Fitch with an Outperform rating and a $170 target."", ""Reason"": ""Fresh bullish initiation with an explicit target.""}]",,,,,,,,,,,,,,,,,,,,,,,,,,,,,,,,0q,,,,,,"[""price"", ""market_cap"", ""sector"", ""industry"", ""forward_pe"", ""peg"", ""revenue_growth"", ""earnings_growth"", ""operating_margin"", ""roe"", ""debt_to_equity"", ""free_cashflow"", ""analyst_recommendation"", ""analyst_score"", ""analyst_count"", ""analyst_target_mean"", ""short_float"", ""short_ratio"", ""currency"", ""financial_currency"", ""instrument_type"", ""price_as_of"", ""fcf_yield"", ""analyst_upside"", ""next_earnings_date"", ""earnings_date_start"", ""earnings_date_end"", ""earnings_date_status"", ""days_to_earnings"", ""next_eps_estimate"", ""next_revenue_estimate"", ""eps_consensus_current"", ""eps_consensus_30d_ago"", ""eps_revision_30d"", ""eps_revisions_up_30d"", ""eps_revisions_down_30d""]",2026-09-10T15:17:24.348760+00:00,error,"{""info"": ""DNSError"", ""calendar"": ""DNSError"", ""get_eps_trend"": ""DNSError"", ""get_eps_revisions"": ""DNSError"", ""get_earnings_estimate"": ""DNSError"", ""get_revenue_estimate"": ""DNSError""}",0.0037958806443096904,0.08070362473347559,0.29002290659200813,8961840.44,1.8621145681074684,0.8889493739793141,0.05424259079186568,0.07253032077482999,0.39564458845846323,0.06477953184540011,0.06971507750931191,0.05389221556886228,0.1767090855282628,3.257755261106784,0.9031028851388133,none,0.0,1.0,stage1_recovered_from_db,2026-09-09,ok
AFRM,"[""experts""]","[""Fresh bullish initiation with an explicit target.""]","[{""from"": ""experts"", ""Rank"": ""8"", ""Ticker"": ""AFRM"", ""Company"": ""Affirm Holdings"", ""Direction"": ""bullish"", ""Strength"": ""medium"", ""Event dates"": ""2026-09-09"", ""Events"": ""1"", ""Firms"": ""1"", ""Sources"": ""24/7 Wall St."", ""Summary"": ""Loop Capital initiated Affirm Holdings with a Buy rating and a $105 target."", ""Reason"": ""Fresh bullish initiation with an explicit target.""}]",,,,,,,,,,,,,,,,,,,,,,,,,,,,,,,,0q,,,,,,"[""price"", ""market_cap"", ""sector"", ""industry"", ""forward_pe"", ""peg"", ""revenue_growth"", ""earnings_growth"", ""operating_margin"", ""roe"", ""debt_to_equity"", ""free_cashflow"", ""analyst_recommendation"", ""analyst_score"", ""analyst_count"", ""analyst_target_mean"", ""short_float"", ""short_ratio"", ""currency"", ""financial_currency"", ""instrument_type"", ""price_as_of"", ""fcf_yield"", ""analyst_upside"", ""next_earnings_date"", ""earnings_date_start"", ""earnings_date_end"", ""earnings_date_status"", ""days_to_earnings"", ""next_eps_estimate"", ""next_revenue_estimate"", ""eps_consensus_current"", ""eps_consensus_30d_ago"", ""eps_revision_30d"", ""eps_revisions_up_30d"", ""eps_revisions_down_30d""]",2026-09-10T15:17:24.348754+00:00,error,"{""info"": ""DNSError"", ""calendar"": ""DNSError"", ""get_eps_trend"": ""DNSError"", ""get_eps_revisions"": ""DNSError"", ""get_earnings_estimate"": ""DNSError"", ""get_revenue_estimate"": ""DNSError""}",-0.05544774050457446,-0.02552735073292811,-0.11166156052408571,11868710.322500002,2.0960637970279272,0.9205225911812738,0.0575862719610885,0.03599883262047118,1.0468805513583122,0.6956995100707676,1.0193865477382362,0.8633641807294502,-0.10650498972703257,1.8494857558933286,0.6369080021774632,bearish,0.3262036952762359,0.15,stage1_recovered_from_db,2026-09-09,ok
OKLO,"[""experts""]","[""Fresh bullish initiation with an explicit target.""]","[{""from"": ""experts"", ""Rank"": ""9"", ""Ticker"": ""OKLO"", ""Company"": ""Oklo"", ""Direction"": ""bullish"", ""Strength"": ""medium"", ""Event dates"": ""2026-09-09"", ""Events"": ""1"", ""Firms"": ""1"", ""Sources"": ""24/7 Wall St."", ""Summary"": ""Piper Sandler initiated Oklo with an Overweight rating and a $55 target."", ""Reason"": ""Fresh bullish initiation with an explicit target.""}]",,,,,,,,,,,,,,,,,,,,,,,,,,,,,,,,0q,,,,,,"[""price"", ""market_cap"", ""sector"", ""industry"", ""forward_pe"", ""peg"", ""revenue_growth"", ""earnings_growth"", ""operating_margin"", ""roe"", ""debt_to_equity"", ""free_cashflow"", ""analyst_recommendation"", ""analyst_score"", ""analyst_count"", ""analyst_target_mean"", ""short_float"", ""short_ratio"", ""currency"", ""financial_currency"", ""instrument_type"", ""price_as_of"", ""fcf_yield"", ""analyst_upside"", ""next_earnings_date"", ""earnings_date_start"", ""earnings_date_end"", ""earnings_date_status"", ""days_to_earnings"", ""next_eps_estimate"", ""next_revenue_estimate"", ""eps_consensus_current"", ""eps_consensus_30d_ago"", ""eps_revision_30d"", ""eps_revisions_up_30d"", ""eps_revisions_down_30d""]",2026-09-10T15:17:24.894809+00:00,error,"{""info"": ""DNSError"", ""calendar"": ""DNSError"", ""get_eps_trend"": ""DNSError"", ""get_eps_revisions"": ""DNSError"", ""get_earnings_estimate"": ""DNSError"", ""get_revenue_estimate"": ""DNSError""}",-0.01858049624927871,0.10441558441558452,-0.09541538134241034,9295794.9475,1.153495831090483,0.5748502994011976,0.0632223491466201,0.0449912481901201,0.5143056043700155,0.14099074578116494,0.2994552942739469,0.3004899292324442,0.0049858889934149405,0.07886276072804689,0.0261295590636908,none,0.0,0.05,stage1_recovered_from_db,2026-09-09,ok
ULTA,"[""experts""]","[""Fresh neutral initiation with an explicit target.""]","[{""from"": ""experts"", ""Rank"": ""10"", ""Ticker"": ""ULTA"", ""Company"": ""Ulta Beauty"", ""Direction"": ""neutral"", ""Strength"": ""medium"", ""Event dates"": ""2026-09-09"", ""Events"": ""1"", ""Firms"": ""1"", ""Sources"": ""24/7 Wall St."", ""Summary"": ""BMO Capital initiated Ulta Beauty at Market Perform with a $580 target."", ""Reason"": ""Fresh neutral initiation with an explicit target.""}]",,,,,,,,,,,,,,,,,,,,,,,,,,,,,,,,0q,,,,,,"[""price"", ""market_cap"", ""sector"", ""industry"", ""forward_pe"", ""peg"", ""revenue_growth"", ""earnings_growth"", ""operating_margin"", ""roe"", ""debt_to_equity"", ""free_cashflow"", ""analyst_recommendation"", ""analyst_score"", ""analyst_count"", ""analyst_target_mean"", ""short_float"", ""short_ratio"", ""currency"", ""financial_currency"", ""instrument_type"", ""price_as_of"", ""fcf_yield"", ""analyst_upside"", ""next_earnings_date"", ""earnings_date_start"", ""earnings_date_end"", ""earnings_date_status"", ""days_to_earnings"", ""next_eps_estimate"", ""next_revenue_estimate"", ""eps_consensus_current"", ""eps_consensus_30d_ago"", ""eps_revision_30d"", ""eps_revisions_up_30d"", ""eps_revisions_down_30d""]",2026-09-10T15:17:24.894680+00:00,error,"{""info"": ""DNSError"", ""calendar"": ""DNSError"", ""get_eps_trend"": ""DNSError"", ""get_eps_revisions"": ""DNSError"", ""get_earnings_estimate"": ""DNSError"", ""get_revenue_estimate"": ""DNSError""}",-0.013068383618530577,-0.00694584440575452,0.0018303843807199183,21006925.055,0.5567860746720484,0.0457267283614589,0.03495895091510192,0.024477595729059477,0.6591276781351727,0.25639629831246596,0.37877073906485464,0.3826891671203048,0.01673356586572188,0.4786632730015118,0.1763745236799129,none,0.0,0.5166666666666667,stage1_recovered_from_db,2026-09-09,ok
TTAN,"[""rrf""]","[""relative volume is 13.12x its 20-day median; bearish 20-day breakout, 5-day momentum is in the 100% percentile, relative volume 13.12x; stock moved 5.66 ATR today and is 8.28 ATR from its 20-day mean; 20-day bearish range breakout after volatility compression in the lowest 5% of recent history, with 13.12x normal volume; relaxed-liquidity stock showing volume 100% percentile, normalized move 100% percentile, volatility expansion 98% percentile, stretch 100% percentile""]","[{""from"": ""rrf"", ""Rank"": ""1"", ""Ticker"": ""TTAN"", ""RRF score"": ""0.435065"", ""Category rank and score"": ""volume_anomaly r1 s=1; momentum_breakout r1 s=0.9996; stretched_reversal r1 s=0.9997; compression_breakout r1 s=0.9833; wildcard r4 s=0.9689"", ""Direction"": ""non_directional"", ""Risk"": ""high"", ""Price"": ""$57.09"", ""Reasons"": ""relative volume is 13.12x its 20-day median; bearish 20-day breakout, 5-day momentum is in the 100% percentile, relative volume 13.12x; stock moved 5.66 ATR today and is 8.28 ATR from its 20-day mean; 20-day bearish range breakout after volatility compression in the lowest 5% of recent history, with 13.12x normal volume; relaxed-liquidity stock showing volume 100% percentile, normalized move 100% percentile, volatility expansion 98% percentile, stretch 100% percentile""}]",,,,,,,,,,,,,,,,,,,,,,,,,,,,,,,,0q,,,,,,"[""price"", ""market_cap"", ""sector"", ""industry"", ""forward_pe"", ""peg"", ""revenue_growth"", ""earnings_growth"", ""operating_margin"", ""roe"", ""debt_to_equity"", ""free_cashflow"", ""analyst_recommendation"", ""analyst_score"", ""analyst_count"", ""analyst_target_mean"", ""short_float"", ""short_ratio"", ""currency"", ""financial_currency"", ""instrument_type"", ""price_as_of"", ""fcf_yield"", ""analyst_upside"", ""next_earnings_date"", ""earnings_date_start"", ""earnings_date_end"", ""earnings_date_status"", ""days_to_earnings"", ""next_eps_estimate"", ""next_revenue_estimate"", ""eps_consensus_current"", ""eps_consensus_30d_ago"", ""eps_revision_30d"", ""eps_revisions_up_30d"", ""eps_revisions_down_30d""]",2026-09-10T15:17:25.399200+00:00,error,"{""info"": ""DNSError"", ""calendar"": ""DNSError"", ""get_eps_trend"": ""DNSError"", ""get_eps_revisions"": ""DNSError"", ""get_earnings_estimate"": ""DNSError"", ""get_revenue_estimate"": ""DNSError""}",-0.2990791896869245,-0.4019484600879949,-0.353929723306739,5997698.657500001,13.116782322863404,1.0,0.07537597277481667,0.08524898664437572,1.5194296823253932,0.9836690255851932,5.660884720723714,0.9994556341861731,-0.6243387633561044,8.282994439372565,1.0,bearish,5.653913187816419,0.05,stage1_screen,2026-09-09,ok
SIG,"[""rrf""]","[""relative volume is 5.75x its 20-day median; bullish 20-day breakout, 5-day momentum is in the 99% percentile, relative volume 5.75x; stock moved 6.84 ATR today and is 6.04 ATR from its 20-day mean; 5-day realized volatility is 1.63x its 20-day level; relaxed-liquidity stock showing volume 100% percentile, normalized move 100% percentile, volatility expansion 99% percentile, stretch 99% percentile""]","[{""from"": ""rrf"", ""Rank"": ""2"", ""Ticker"": ""SIG"", ""RRF score"": ""0.342308"", ""Category rank and score"": ""volume_anomaly r5 s=0.9978; momentum_breakout r3 s=0.996; stretched_reversal r3 s=0.9986; volatility_expansion r16 s=0.9918; wildcard r2 s=0.9755"", ""Direction"": ""bearish_reversal"", ""Risk"": ""high"", ""Price"": ""$102.49"", ""Reasons"": ""relative volume is 5.75x its 20-day median; bullish 20-day breakout, 5-day momentum is in the 99% percentile, relative volume 5.75x; stock moved 6.84 ATR today and is 6.04 ATR from its 20-day mean; 5-day realized volatility is 1.63x its 20-day level; relaxed-liquidity stock showing volume 100% percentile, normalized move 100% percentile, volatility expansion 99% percentile, stretch 99% percentile""}]",,,,,,,,,,,,,,,,,,,,,,,,,,,,,,,,0q,,,,,,"[""price"", ""market_cap"", ""sector"", ""industry"", ""forward_pe"", ""peg"", ""revenue_growth"", ""earnings_growth"", ""operating_margin"", ""roe"", ""debt_to_equity"", ""free_cashflow"", ""analyst_recommendation"", ""analyst_score"", ""analyst_count"", ""analyst_target_mean"", ""short_float"", ""short_ratio"", ""currency"", ""financial_currency"", ""instrument_type"", ""price_as_of"", ""fcf_yield"", ""analyst_upside"", ""next_earnings_date"", ""earnings_date_start"", ""earnings_date_end"", ""earnings_date_status"", ""days_to_earnings"", ""next_eps_estimate"", ""next_revenue_estimate"", ""eps_consensus_current"", ""eps_consensus_30d_ago"", ""eps_revision_30d"", ""eps_revisions_up_30d"", ""eps_revisions_down_30d""]",2026-09-10T15:17:25.399197+00:00,error,"{""info"": ""DNSError"", ""calendar"": ""DNSError"", ""get_eps_trend"": ""DNSError"", ""get_eps_revisions"": ""DNSError"", ""get_earnings_estimate"": ""DNSError"", ""get_revenue_estimate"": ""DNSError""}",0.2388492687054271,0.26203669498830195,0.082374062731017,2651085.585,5.748138475648619,0.9978225367446925,0.028204842284264675,0.0528615466180065,1.6341093367210417,0.9918345127925966,6.835680751173704,1.0,0.1703702800273197,6.040462070669628,0.9972781709308656,bullish,2.1707437608104736,0.6333333333333333,stage1_screen,2026-09-09,ok
BRZE,"[""rrf""]","[""relative volume is 5.41x its 20-day median; bearish 20-day breakout, 5-day momentum is in the 100% percentile, relative volume 5.41x; stock moved 4.48 ATR today and is 4.97 ATR from its 20-day mean; 20-day bearish range breakout after volatility compression in the lowest 15% of recent history, with 5.41x normal volume; relaxed-liquidity stock showing volume 100% percentile, normalized move 100% percentile, volatility expansion 95% percentile, stretch 98% percentile""]","[{""from"": ""rrf"", ""Rank"": ""3"", ""Ticker"": ""BRZE"", ""RRF score"": ""0.30992"", ""Category rank and score"": ""volume_anomaly r6 s=0.9973; momentum_breakout r2 s=0.9971; stretched_reversal r7 s=0.9927; compression_breakout r9 s=0.9482; wildcard r9 s=0.9055"", ""Direction"": ""non_directional"", ""Risk"": ""high"", ""Price"": ""$23.73"", ""Reasons"": ""relative volume is 5.41x its 20-day median; bearish 20-day breakout, 5-day momentum is in the 100% percentile, relative volume 5.41x; stock moved 4.48 ATR today and is 4.97 ATR from its 20-day mean; 20-day bearish range breakout after volatility compression in the lowest 15% of recent history, with 5.41x normal volume; relaxed-liquidity stock showing volume 100% percentile, normalized move 100% percentile, volatility expansion 95% percentile, stretch 98% percentile""}]",,,,,,,,,,,,,,,,,,,,,,,,,,,,,,,,0q,,,,,,"[""price"", ""market_cap"", ""sector"", ""industry"", ""forward_pe"", ""peg"", ""revenue_growth"", ""earnings_growth"", ""operating_margin"", ""roe"", ""debt_to_equity"", ""free_cashflow"", ""analyst_recommendation"", ""analyst_score"", ""analyst_count"", ""analyst_target_mean"", ""short_float"", ""short_ratio"", ""currency"", ""financial_currency"", ""instrument_type"", ""price_as_of"", ""fcf_yield"", ""analyst_upside"", ""next_earnings_date"", ""earnings_date_start"", ""earnings_date_end"", ""earnings_date_status"", ""days_to_earnings"", ""next_eps_estimate"", ""next_revenue_estimate"", ""eps_consensus_current"", ""eps_consensus_30d_ago"", ""eps_revision_30d"", ""eps_revisions_up_30d"", ""eps_revisions_down_30d""]",2026-09-10T15:17:25.903542+00:00,error,"{""info"": ""DNSError"", ""calendar"": ""DNSError"", ""get_eps_trend"": ""DNSError"", ""get_eps_revisions"": ""DNSError"", ""get_earnings_estimate"": ""DNSError"", ""get_revenue_estimate"": ""DNSError""}",-0.21802900461437047,-0.2763458898886685,-0.1592841956059532,3511227.4974999996,5.412489683631362,0.9972781709308656,0.06223091976516633,0.06672237327199812,1.405156062753521,0.9542732716385411,4.480406386066763,0.9978225367446925,-0.3090937829293993,4.966884373488147,0.9874795862819815,bearish,2.387518142235123,0.15,stage1_screen,2026-09-09,ok
CASY,"[""rrf""]","[""relative volume is 6.58x its 20-day median; bearish 20-day breakout, 5-day momentum is in the 98% percentile, relative volume 6.58x; stock moved 4.58 ATR today and is 7.69 ATR from its 20-day mean; relaxed-liquidity stock showing volume 100% percentile, normalized move 100% percentile, volatility expansion 98% percentile, stretch 100% percentile""]","[{""from"": ""rrf"", ""Rank"": ""4"", ""Ticker"": ""CASY"", ""RRF score"": ""0.303114"", ""Category rank and score"": ""volume_anomaly r4 s=0.9984; momentum_breakout r4 s=0.9924; stretched_reversal r2 s=0.9989; wildcard r3 s=0.9697"", ""Direction"": ""bullish_reversal"", ""Risk"": ""high"", ""Price"": ""$629.01"", ""Reasons"": ""relative volume is 6.58x its 20-day median; bearish 20-day breakout, 5-day momentum is in the 98% percentile, relative volume 6.58x; stock moved 4.58 ATR today and is 7.69 ATR from its 20-day mean; relaxed-liquidity stock showing volume 100% percentile, normalized move 100% percentile, volatility expansion 98% percentile, stretch 100% percentile""}]",,,,,,,,,,,,,,,,,,,,,,,,,,,,,,,,0q,,,,,,"[""price"", ""market_cap"", ""sector"", ""industry"", ""forward_pe"", ""peg"", ""revenue_growth"", ""earnings_growth"", ""operating_margin"", ""roe"", ""debt_to_equity"", ""free_cashflow"", ""analyst_recommendation"", ""analyst_score"", ""analyst_count"", ""analyst_target_mean"", ""short_float"", ""short_ratio"", ""currency"", ""financial_currency"", ""instrument_type"", ""price_as_of"", ""fcf_yield"", ""analyst_upside"", ""next_earnings_date"", ""earnings_date_start"", ""earnings_date_end"", ""earnings_date_status"", ""days_to_earnings"", ""next_eps_estimate"", ""next_revenue_estimate"", ""eps_consensus_current"", ""eps_consensus_30d_ago"", ""eps_revision_30d"", ""eps_revisions_up_30d"", ""eps_revisions_down_30d""]",2026-09-10T15:17:25.903749+00:00,error,"{""info"": ""DNSError"", ""calendar"": ""DNSError"", ""get_eps_trend"": ""DNSError"", ""get_eps_revisions"": ""DNSError"", ""get_earnings_estimate"": ""DNSError"", ""get_revenue_estimate"": ""DNSError""}",-0.1439245467907888,-0.18004236597686163,-0.2419511313307824,17202010.005,6.581388050694025,0.9983669025585193,0.03667327569173329,0.0383087003843081,1.5424359796204228,0.9858464888405009,4.584300975383184,0.9983669025585193,-0.2819557717683345,7.688317076946895,0.9994556341861731,bearish,4.406564483666199,0.7,stage1_screen,2026-09-09,ok
COO,"[""rrf""]","[""relative volume is 3.93x its 20-day median; bearish 20-day breakout, 5-day momentum is in the 90% percentile, relative volume 3.93x; stock moved 2.96 ATR today and is 7.02 ATR from its 20-day mean; relaxed-liquidity stock showing volume 99% percentile, normalized move 99% percentile, volatility expansion 98% percentile, stretch 100% percentile""]","[{""from"": ""rrf"", ""Rank"": ""5"", ""Ticker"": ""COO"", ""RRF score"": ""0.212716"", ""Category rank and score"": ""volume_anomaly r20 s=0.9897; momentum_breakout r12 s=0.9615; stretched_reversal r4 s=0.9973; wildcard r6 s=0.9505"", ""Direction"": ""bullish_reversal"", ""Risk"": ""high"", ""Price"": ""$63.58"", ""Reasons"": ""relative volume is 3.93x its 20-day median; bearish 20-day breakout, 5-day momentum is in the 90% percentile, relative volume 3.93x; stock moved 2.96 ATR today and is 7.02 ATR from its 20-day mean; relaxed-liquidity stock showing volume 99% percentile, normalized move 99% percentile, volatility expansion 98% percentile, stretch 100% percentile""}]",,,,,,,,,,,,,,,,,,,,,,,,,,,,,,,,0q,,,,,,"[""price"", ""market_cap"", ""sector"", ""industry"", ""forward_pe"", ""peg"", ""revenue_growth"", ""earnings_growth"", ""operating_margin"", ""roe"", ""debt_to_equity"", ""free_cashflow"", ""analyst_recommendation"", ""analyst_score"", ""analyst_count"", ""analyst_target_mean"", ""short_float"", ""short_ratio"", ""currency"", ""financial_currency"", ""instrument_type"", ""price_as_of"", ""fcf_yield"", ""analyst_upside"", ""next_earnings_date"", ""earnings_date_start"", ""earnings_date_end"", ""earnings_date_status"", ""days_to_earnings"", ""next_eps_estimate"", ""next_revenue_estimate"", ""eps_consensus_current"", ""eps_consensus_30d_ago"", ""eps_revision_30d"", ""eps_revisions_up_30d"", ""eps_revisions_down_30d""]",2026-09-10T15:17:26.427569+00:00,error,"{""info"": ""DNSError"", ""calendar"": ""DNSError"", ""get_eps_trend"": ""DNSError"", ""get_eps_revisions"": ""DNSError"", ""get_earnings_estimate"": ""DNSError"", ""get_revenue_estimate"": ""DNSError""}",-0.060856720827178745,-0.08240727377687984,-0.17224319750032557,4875777.685,3.927182257188569,0.9896570495372891,0.02187907248460881,0.017518787107531242,1.5381115058655426,0.985302123026674,2.9617458279846,0.9956450734893849,-0.15358210128971386,7.019589216944809,0.9989112683723462,bearish,2.8898587933247737,0.7666666666666667,stage1_screen,2026-09-09,ok
ASO,"[""rrf""]","[""relative volume is 4.69x its 20-day median; bullish 20-day breakout, 5-day momentum is in the 98% percentile, relative volume 4.69x; stock moved 4.71 ATR today and is 4.19 ATR from its 20-day mean; relaxed-liquidity stock showing volume 99% percentile, normalized move 100% percentile, volatility expansion 93% percentile, stretch 97% percentile""]","[{""from"": ""rrf"", ""Rank"": ""6"", ""Ticker"": ""ASO"", ""RRF score"": ""0.172849"", ""Category rank and score"": ""volume_anomaly r12 s=0.994; momentum_breakout r16 s=0.9566; stretched_reversal r13 s=0.9858; wildcard r12 s=0.8536"", ""Direction"": ""non_directional"", ""Risk"": ""high"", ""Price"": ""$51.22"", ""Reasons"": ""relative volume is 4.69x its 20-day median; bullish 20-day breakout, 5-day momentum is in the 98% percentile, relative volume 4.69x; stock moved 4.71 ATR today and is 4.19 ATR from its 20-day mean; relaxed-liquidity stock showing volume 99% percentile, normalized move 100% percentile, volatility expansion 93% percentile, stretch 97% percentile""}]",,,,,,,,,,,,,,,,,,,,,,,,,,,,,,,,0q,,,,,,"[""price"", ""market_cap"", ""sector"", ""industry"", ""forward_pe"", ""peg"", ""revenue_growth"", ""earnings_growth"", ""operating_margin"", ""roe"", ""debt_to_equity"", ""free_cashflow"", ""analyst_recommendation"", ""analyst_score"", ""analyst_count"", ""analyst_target_mean"", ""short_float"", ""short_ratio"", ""currency"", ""financial_currency"", ""instrument_type"", ""price_as_of"", ""fcf_yield"", ""analyst_upside"", ""next_earnings_date"", ""earnings_date_start"", ""earnings_date_end"", ""earnings_date_status"", ""days_to_earnings"", ""next_eps_estimate"", ""next_revenue_estimate"", ""eps_consensus_current"", ""eps_consensus_30d_ago"", ""eps_revision_30d"", ""eps_revisions_up_30d"", ""eps_revisions_down_30d""]",2026-09-10T15:17:26.426210+00:00,error,"{""info"": ""DNSError"", ""calendar"": ""DNSError"", ""get_eps_trend"": ""DNSError"", ""get_eps_revisions"": ""DNSError"", ""get_earnings_estimate"": ""DNSError"", ""get_revenue_estimate"": ""DNSError""}",0.14381420276909318,0.19644942770380736,0.0334947538337369,4491620.234999999,4.692215239511505,0.9940119760479041,0.026684609806437214,0.03757184348675721,1.3481164400864565,0.9341317365269461,4.711784687744969,0.9989112683723462,0.11175810230378755,4.188110791742878,0.9727817093086554,bullish,0.4682518944342832,0.9166666666666666,stage1_screen,2026-09-09,ok
IBP,"[""rrf""]","[""bearish 20-day breakout, 5-day momentum is in the 93% percentile, relative volume 3.27x; stock moved 2.30 ATR today and is 4.23 ATR from its 20-day mean; 20-day bearish range breakout after volatility compression in the lowest 17% of recent history, with 3.27x normal volume; relaxed-liquidity stock showing volume 98% percentile, normalized move 99% percentile, volatility expansion 91% percentile, stretch 97% percentile""]","[{""from"": ""rrf"", ""Rank"": ""7"", ""Ticker"": ""IBP"", ""RRF score"": ""0.170515"", ""Category rank and score"": ""momentum_breakout r10 s=0.9693; stretched_reversal r17 s=0.9815; compression_breakout r13 s=0.9363; wildcard r15 s=0.8078"", ""Direction"": ""bullish_reversal"", ""Risk"": ""high"", ""Price"": ""$210.64"", ""Reasons"": ""bearish 20-day breakout, 5-day momentum is in the 93% percentile, relative volume 3.27x; stock moved 2.30 ATR today and is 4.23 ATR from its 20-day mean; 20-day bearish range breakout after volatility compression in the lowest 17% of recent history, with 3.27x normal volume; relaxed-liquidity stock showing volume 98% percentile, normalized move 99% percentile, volatility expansion 91% percentile, stretch 97% percentile""}]",,,,,,,,,,,,,,,,,,,,,,,,,,,,,,,,0q,,,,,,"[""price"", ""market_cap"", ""sector"", ""industry"", ""forward_pe"", ""peg"", ""revenue_growth"", ""earnings_growth"", ""operating_margin"", ""roe"", ""debt_to_equity"", ""free_cashflow"", ""analyst_recommendation"", ""analyst_score"", ""analyst_count"", ""analyst_target_mean"", ""short_float"", ""short_ratio"", ""currency"", ""financial_currency"", ""instrument_type"", ""price_as_of"", ""fcf_yield"", ""analyst_upside"", ""next_earnings_date"", ""earnings_date_start"", ""earnings_date_end"", ""earnings_date_status"", ""days_to_earnings"", ""next_eps_estimate"", ""next_revenue_estimate"", ""eps_consensus_current"", ""eps_consensus_30d_ago"", ""eps_revision_30d"", ""eps_revisions_up_30d"", ""eps_revisions_down_30d""]",2026-09-10T15:17:26.953737+00:00,error,"{""info"": ""DNSError"", ""calendar"": ""DNSError"", ""get_eps_trend"": ""DNSError"", ""get_eps_revisions"": ""DNSError"", ""get_earnings_estimate"": ""DNSError"", ""get_revenue_estimate"": ""DNSError""}",-0.07553214834320832,-0.10019436553535965,-0.15410718229825515,3094360.6950000003,3.2668296279051723,0.9787697332607512,0.03545487222614076,0.027011570567338765,1.3309021786814093,0.9216113228089275,2.304433073501985,0.9896570495372891,-0.15006646410938101,4.232604849122472,0.9733260751224823,bearish,2.2361436564487605,0.16666666666666666,stage1_screen,2026-09-09,ok
IRT,"[""rrf""]","[""relative volume is 9.62x its 20-day median; bearish 20-day breakout, 5-day momentum is in the 84% percentile, relative volume 9.62x; stock moved 2.60 ATR today and is 4.85 ATR from its 20-day mean""]","[{""from"": ""rrf"", ""Rank"": ""8"", ""Ticker"": ""IRT"", ""RRF score"": ""0.166268"", ""Category rank and score"": ""volume_anomaly r2 s=0.9995; momentum_breakout r23 s=0.9457; stretched_reversal r9 s=0.9899"", ""Direction"": ""non_directional"", ""Risk"": ""normal"", ""Price"": ""$15.21"", ""Reasons"": ""relative volume is 9.62x its 20-day median; bearish 20-day breakout, 5-day momentum is in the 84% percentile, relative volume 9.62x; stock moved 2.60 ATR today and is 4.85 ATR from its 20-day mean""}]",,,,,,,,,,,,,,,,,,,,,,,,,,,,,,,,0q,,,,,,"[""price"", ""market_cap"", ""sector"", ""industry"", ""forward_pe"", ""peg"", ""revenue_growth"", ""earnings_growth"", ""operating_margin"", ""roe"", ""debt_to_equity"", ""free_cashflow"", ""analyst_recommendation"", ""analyst_score"", ""analyst_count"", ""analyst_target_mean"", ""short_float"", ""short_ratio"", ""currency"", ""financial_currency"", ""instrument_type"", ""price_as_of"", ""fcf_yield"", ""analyst_upside"", ""next_earnings_date"", ""earnings_date_start"", ""earnings_date_end"", ""earnings_date_status"", ""days_to_earnings"", ""next_eps_estimate"", ""next_revenue_estimate"", ""eps_consensus_current"", ""eps_consensus_30d_ago"", ""eps_revision_30d"", ""eps_revisions_up_30d"", ""eps_revisions_down_30d""]",2026-09-10T15:17:26.953605+00:00,error,"{""info"": ""DNSError"", ""calendar"": ""DNSError"", ""get_eps_trend"": ""DNSError"", ""get_eps_revisions"": ""DNSError"", ""get_earnings_estimate"": ""DNSError"", ""get_revenue_estimate"": ""DNSError""}",-0.04368321810182274,-0.06484326982175781,-0.08673469387755106,2176873.6575,9.616776866498148,0.9994556341861731,0.017581334209661504,0.01375041232556484,1.2118641163275874,0.8415895481763745,2.5981308411214985,0.9940119760479041,-0.08519553072625702,4.84579439252337,0.9858464888405009,bearish,2.5981308411214985,0.5666666666666667,stage1_screen,2026-09-09,ok
SPG,"[""rrf""]","[""relative volume is 4.93x its 20-day median; stock moved 2.73 ATR today and is 4.50 ATR from its 20-day mean; relaxed-liquidity stock showing volume 99% percentile, normalized move 99% percentile, volatility expansion 97% percentile, stretch 97% percentile""]","[{""from"": ""rrf"", ""Rank"": ""9"", ""Ticker"": ""SPG"", ""RRF score"": ""0.15691"", ""Category rank and score"": ""volume_anomaly r9 s=0.9956; stretched_reversal r12 s=0.9875; wildcard r7 s=0.9157"", ""Direction"": ""non_directional"", ""Risk"": ""high"", ""Price"": ""$204.41"", ""Reasons"": ""relative volume is 4.93x its 20-day median; stock moved 2.73 ATR today and is 4.50 ATR from its 20-day mean; relaxed-liquidity stock showing volume 99% percentile, normalized move 99% percentile, volatility expansion 97% percentile, stretch 97% percentile""}]",,,,,,,,,,,,,,,,,,,,,,,,,,,,,,,,0q,,,,,,"[""price"", ""market_cap"", ""sector"", ""industry"", ""forward_pe"", ""peg"", ""revenue_growth"", ""earnings_growth"", ""operating_margin"", ""roe"", ""debt_to_equity"", ""free_cashflow"", ""analyst_recommendation"", ""analyst_score"", ""analyst_count"", ""analyst_target_mean"", ""short_float"", ""short_ratio"", ""currency"", ""financial_currency"", ""instrument_type"", ""price_as_of"", ""fcf_yield"", ""analyst_upside"", ""next_earnings_date"", ""earnings_date_start"", ""earnings_date_end"", ""earnings_date_status"", ""days_to_earnings"", ""next_eps_estimate"", ""next_revenue_estimate"", ""eps_consensus_current"", ""eps_consensus_30d_ago"", ""eps_revision_30d"", ""eps_revisions_up_30d"", ""eps_revisions_down_30d""]",2026-09-10T15:17:27.459011+00:00,error,"{""info"": ""DNSError"", ""calendar"": ""DNSError"", ""get_eps_trend"": ""DNSError"", ""get_eps_revisions"": ""DNSError"", ""get_earnings_estimate"": ""DNSError"", ""get_revenue_estimate"": ""DNSError""}",-0.03582547169811323,-0.03523386982583665,-0.069532957028405,8803178.195,4.927456769295656,0.9956450734893849,0.013614427938930767,0.011393100284182327,1.4889901918457273,0.9787697332607512,2.7292094455852145,0.995100707675558,-0.061237494190455176,4.49798511293634,0.979858464888405,bearish,1.3924537987679668,0.3,stage1_screen,2026-09-09,ok
PINS,"[""rrf""]","[""relative volume is 3.77x its 20-day median; bearish 20-day breakout, 5-day momentum is in the 97% percentile, relative volume 3.77x; stock moved 2.49 ATR today and is 5.76 ATR from its 20-day mean""]","[{""from"": ""rrf"", ""Rank"": ""10"", ""Ticker"": ""PINS"", ""RRF score"": ""0.156194"", ""Category rank and score"": ""volume_anomaly r27 s=0.9858; momentum_breakout r5 s=0.9826; stretched_reversal r6 s=0.9943"", ""Direction"": ""bullish_reversal"", ""Risk"": ""normal"", ""Price"": ""$18.29"", ""Reasons"": ""relative volume is 3.77x its 20-day median; bearish 20-day breakout, 5-day momentum is in the 97% percentile, relative volume 3.77x; stock moved 2.49 ATR today and is 5.76 ATR from its 20-day mean""}]",,,,,,,,,,,,,,,,,,,,,,,,,,,,,,,,0q,,,,,,"[""price"", ""market_cap"", ""sector"", ""industry"", ""forward_pe"", ""peg"", ""revenue_growth"", ""earnings_growth"", ""operating_margin"", ""roe"", ""debt_to_equity"", ""free_cashflow"", ""analyst_recommendation"", ""analyst_score"", ""analyst_count"", ""analyst_target_mean"", ""short_float"", ""short_ratio"", ""currency"", ""financial_currency"", ""instrument_type"", ""price_as_of"", ""fcf_yield"", ""analyst_upside"", ""next_earnings_date"", ""earnings_date_start"", ""earnings_date_end"", ""earnings_date_status"", ""days_to_earnings"", ""next_eps_estimate"", ""next_revenue_estimate"", ""eps_consensus_current"", ""eps_consensus_30d_ago"", ""eps_revision_30d"", ""eps_revisions_up_30d"", ""eps_revisions_down_30d""]",2026-09-10T15:17:27.458953+00:00,error,"{""info"": ""DNSError"", ""calendar"": ""DNSError"", ""get_eps_trend"": ""DNSError"", ""get_eps_revisions"": ""DNSError"", ""get_earnings_estimate"": ""DNSError"", ""get_revenue_estimate"": ""DNSError""}",-0.09300595238095233,-0.13932690044716411,-0.2301052631578947,12691459.274999999,3.7671285810792994,0.9858464888405009,0.04111488730028514,0.029515616219471453,1.1697948850110498,0.8078388677191073,2.4940617577197166,0.9929232444202504,-0.2367924528301887,5.759287410926371,0.9956450734893849,bearish,2.188123515439431,0.8333333333333334,stage1_screen,2026-09-09,ok
CHWY,"[""rrf""]","[""bearish 20-day breakout, 5-day momentum is in the 96% percentile, relative volume 3.32x; 20-day bearish range breakout after volatility compression in the lowest 7% of recent history, with 3.32x normal volume""]","[{""from"": ""rrf"", ""Rank"": ""11"", ""Ticker"": ""CHWY"", ""RRF score"": ""0.139423"", ""Category rank and score"": ""momentum_breakout r6 s=0.9759; compression_breakout r3 s=0.9674"", ""Direction"": ""bearish"", ""Risk"": ""normal"", ""Price"": ""$20.75"", ""Reasons"": ""bearish 20-day breakout, 5-day momentum is in the 96% percentile, relative volume 3.32x; 20-day bearish range breakout after volatility compression in the lowest 7% of recent history, with 3.32x normal volume""}]",,,,,,,,,,,,,,,,,,,,,,,,,,,,,,,,0q,,,,,,"[""price"", ""market_cap"", ""sector"", ""industry"", ""forward_pe"", ""peg"", ""revenue_growth"", ""earnings_growth"", ""operating_margin"", ""roe"", ""debt_to_equity"", ""free_cashflow"", ""analyst_recommendation"", ""analyst_score"", ""analyst_count"", ""analyst_target_mean"", ""short_float"", ""short_ratio"", ""currency"", ""financial_currency"", ""instrument_type"", ""price_as_of"", ""fcf_yield"", ""analyst_upside"", ""next_earnings_date"", ""earnings_date_start"", ""earnings_date_end"", ""earnings_date_status"", ""days_to_earnings"", ""next_eps_estimate"", ""next_revenue_estimate"", ""eps_consensus_current"", ""eps_consensus_30d_ago"", ""eps_revision_30d"", ""eps_revisions_up_30d"", ""eps_revisions_down_30d""]",2026-09-10T15:17:27.973522+00:00,error,"{""info"": ""DNSError"", ""calendar"": ""DNSError"", ""get_eps_trend"": ""DNSError"", ""get_eps_revisions"": ""DNSError"", ""get_earnings_estimate"": ""DNSError"", ""get_revenue_estimate"": ""DNSError""}",-0.10850880962612797,-0.1254215851602023,-0.07676902536715613,9527778.379999999,3.3219089947761096,0.9820359281437125,0.04619013187342909,0.03463385532265243,1.3226493773897183,0.91943385955362,2.6351099515467724,0.994556341861731,-0.12709086526873936,2.751472232575471,0.8372346216657593,bearish,1.2732016399552717,0.06666666666666667,stage1_screen,2026-09-09,ok
USFD,"[""rrf""]","[""bearish 20-day breakout, 5-day momentum is in the 90% percentile, relative volume 1.81x; stock moved 2.96 ATR today and is 5.37 ATR from its 20-day mean; 20-day bearish range breakout after volatility compression in the lowest 7% of recent history, with 1.81x normal volume""]","[{""from"": ""rrf"", ""Rank"": ""12"", ""Ticker"": ""USFD"", ""RRF score"": ""0.138437"", ""Category rank and score"": ""momentum_breakout r28 s=0.9281; stretched_reversal r5 s=0.9951; compression_breakout r12 s=0.9379"", ""Direction"": ""bullish_reversal"", ""Risk"": ""normal"", ""Price"": ""$97.47"", ""Reasons"": ""bearish 20-day breakout, 5-day momentum is in the 90% percentile, relative volume 1.81x; stock moved 2.96 ATR today and is 5.37 ATR from its 20-day mean; 20-day bearish range breakout after volatility compression in the lowest 7% of recent history, with 1.81x normal volume""}]",,,,,,,,,,,,,,,,,,,,,,,,,,,,,,,,0q,,,,,,"[""price"", ""market_cap"", ""sector"", ""industry"", ""forward_pe"", ""peg"", ""revenue_growth"", ""earnings_growth"", ""operating_margin"", ""roe"", ""debt_to_equity"", ""free_cashflow"", ""analyst_recommendation"", ""analyst_score"", ""analyst_count"", ""analyst_target_mean"", ""short_float"", ""short_ratio"", ""currency"", ""financial_currency"", ""instrument_type"", ""price_as_of"", ""fcf_yield"", ""analyst_upside"", ""next_earnings_date"", ""earnings_date_start"", ""earnings_date_end"", ""earnings_date_status"", ""days_to_earnings"", ""next_eps_estimate"", ""next_revenue_estimate"", ""eps_consensus_current"", ""eps_consensus_30d_ago"", ""eps_revision_30d"", ""eps_revisions_up_30d"", ""eps_revisions_down_30d""]",2026-09-10T15:17:27.973805+00:00,error,"{""info"": ""DNSError"", ""calendar"": ""DNSError"", ""get_eps_trend"": ""DNSError"", ""get_eps_revisions"": ""DNSError"", ""get_earnings_estimate"": ""DNSError"", ""get_revenue_estimate"": ""DNSError""}",-0.05405667701863359,-0.08624730477172593,-0.11839725036179449,11217708.285,1.8119392468110367,0.8818726183995645,0.019280657784812923,0.01466391053994382,1.3292370406575678,0.9210669569951007,2.9638920562523774,0.9961894393032118,-0.10347286344516257,5.366666666666661,0.9940119760479041,bearish,2.7510452299505883,0.06666666666666667,stage1_screen,2026-09-09,ok
CMCSA,"[""rrf""]","[""bearish 20-day breakout, 5-day momentum is in the 84% percentile, relative volume 2.50x; stock moved 3.10 ATR today and is 3.31 ATR from its 20-day mean; 20-day bearish range breakout after volatility compression in the lowest 0% of recent history, with 2.50x normal volume""]","[{""from"": ""rrf"", ""Rank"": ""13"", ""Ticker"": ""CMCSA"", ""RRF score"": ""0.13536"", ""Category rank and score"": ""momentum_breakout r30 s=0.9176; stretched_reversal r27 s=0.9516; compression_breakout r2 s=0.9695"", ""Direction"": ""bearish"", ""Risk"": ""normal"", ""Price"": ""$24.58"", ""Reasons"": ""bearish 20-day breakout, 5-day momentum is in the 84% percentile, relative volume 2.50x; stock moved 3.10 ATR today and is 3.31 ATR from its 20-day mean; 20-day bearish range breakout after volatility compression in the lowest 0% of recent history, with 2.50x normal volume""}]",,,,,,,,,,,,,,,,,,,,,,,,,,,,,,,,0q,,,,,,"[""price"", ""market_cap"", ""sector"", ""industry"", ""forward_pe"", ""peg"", ""revenue_growth"", ""earnings_growth"", ""operating_margin"", ""roe"", ""debt_to_equity"", ""free_cashflow"", ""analyst_recommendation"", ""analyst_score"", ""analyst_count"", ""analyst_target_mean"", ""short_float"", ""short_ratio"", ""currency"", ""financial_currency"", ""instrument_type"", ""price_as_of"", ""fcf_yield"", ""analyst_upside"", ""next_earnings_date"", ""earnings_date_start"", ""earnings_date_end"", ""earnings_date_status"", ""days_to_earnings"", ""next_eps_estimate"", ""next_revenue_estimate"", ""eps_consensus_current"", ""eps_consensus_30d_ago"", ""eps_revision_30d"", ""eps_revisions_up_30d"", ""eps_revisions_down_30d""]",2026-09-10T15:17:28.492061+00:00,error,"{""info"": ""DNSError"", ""calendar"": ""DNSError"", ""get_eps_trend"": ""DNSError"", ""get_eps_revisions"": ""DNSError"", ""get_earnings_estimate"": ""DNSError"", ""get_revenue_estimate"": ""DNSError""}",-0.06699563484532167,-0.06610942249240126,-0.042462017919750794,31383249.244999997,2.501531324471747,0.9569951007076756,0.023131465767755446,0.02199411172727858,1.337366382410661,0.9259662493195427,3.104271356783919,0.9967338051170387,-0.07645443449959327,3.305213567839199,0.9063690800217746,bearish,0.8090452261306544,0.0,stage1_screen,2026-09-09,ok
ORA,"[""rrf""]","[""relative volume is 4.26x its 20-day median; bearish 20-day breakout, 5-day momentum is in the 89% percentile, relative volume 4.26x; stock moved 3.17 ATR today and is 3.16 ATR from its 20-day mean; 20-day bearish range breakout after volatility compression in the lowest 17% of recent history, with 4.26x normal volume""]","[{""from"": ""rrf"", ""Rank"": ""14"", ""Ticker"": ""ORA"", ""RRF score"": ""0.133398"", ""Category rank and score"": ""volume_anomaly r17 s=0.9913; momentum_breakout r21 s=0.9477; stretched_reversal r29 s=0.9447; compression_breakout r16 s=0.9296"", ""Direction"": ""non_directional"", ""Risk"": ""normal"", ""Price"": ""$98.89"", ""Reasons"": ""relative volume is 4.26x its 20-day median; bearish 20-day breakout, 5-day momentum is in the 89% percentile, relative volume 4.26x; stock moved 3.17 ATR today and is 3.16 ATR from its 20-day mean; 20-day bearish range breakout after volatility compression in the lowest 17% of recent history, with 4.26x normal volume""}]",,,,,,,,,,,,,,,,,,,,,,,,,,,,,,,,0q,,,,,,"[""price"", ""market_cap"", ""sector"", ""industry"", ""forward_pe"", ""peg"", ""revenue_growth"", ""earnings_growth"", ""operating_margin"", ""roe"", ""debt_to_equity"", ""free_cashflow"", ""analyst_recommendation"", ""analyst_score"", ""analyst_count"", ""analyst_target_mean"", ""short_float"", ""short_ratio"", ""currency"", ""financial_currency"", ""instrument_type"", ""price_as_of"", ""fcf_yield"", ""analyst_upside"", ""next_earnings_date"", ""earnings_date_start"", ""earnings_date_end"", ""earnings_date_status"", ""days_to_earnings"", ""next_eps_estimate"", ""next_revenue_estimate"", ""eps_consensus_current"", ""eps_consensus_30d_ago"", ""eps_revision_30d"", ""eps_revisions_up_30d"", ""eps_revisions_down_30d""]",2026-09-10T15:17:28.491902+00:00,error,"{""info"": ""DNSError"", ""calendar"": ""DNSError"", ""get_eps_trend"": ""DNSError"", ""get_eps_revisions"": ""DNSError"", ""get_earnings_estimate"": ""DNSError"", ""get_revenue_estimate"": ""DNSError""}",-0.08524514338575384,-0.07833908099543296,-0.13622466806429068,3504870.0250000004,4.255918086650875,0.9912901469787697,0.02942090017986262,0.02792256765159692,1.4295035002945606,0.9640718562874252,3.1674441443653274,0.9972781709308656,-0.09298427466248671,3.160483672968326,0.8922155688622755,bearish,0.9057205990670232,0.16666666666666666,stage1_screen,2026-09-09,ok
FRT,"[""rrf""]","[""relative volume is 4.69x its 20-day median; 20-day bearish range breakout after volatility compression in the lowest 0% of recent history, with 4.69x normal volume""]","[{""from"": ""rrf"", ""Rank"": ""15"", ""Ticker"": ""FRT"", ""RRF score"": ""0.114907"", ""Category rank and score"": ""volume_anomaly r13 s=0.9935; compression_breakout r4 s=0.9668"", ""Direction"": ""non_directional"", ""Risk"": ""normal"", ""Price"": ""$115.19"", ""Reasons"": ""relative volume is 4.69x its 20-day median; 20-day bearish range breakout after volatility compression in the lowest 0% of recent history, with 4.69x normal volume""}]",,,,,,,,,,,,,,,,,,,,,,,,,,,,,,,,0q,,,,,,"[""price"", ""market_cap"", ""sector"", ""industry"", ""forward_pe"", ""peg"", ""revenue_growth"", ""earnings_growth"", ""operating_margin"", ""roe"", ""debt_to_equity"", ""free_cashflow"", ""analyst_recommendation"", ""analyst_score"", ""analyst_count"", ""analyst_target_mean"", ""short_float"", ""short_ratio"", ""currency"", ""financial_currency"", ""instrument_type"", ""price_as_of"", ""fcf_yield"", ""analyst_upside"", ""next_earnings_date"", ""earnings_date_start"", ""earnings_date_end"", ""earnings_date_status"", ""days_to_earnings"", ""next_eps_estimate"", ""next_revenue_estimate"", ""eps_consensus_current"", ""eps_consensus_30d_ago"", ""eps_revision_30d"", ""eps_revisions_up_30d"", ""eps_revisions_down_30d""]",2026-09-10T15:17:29.050084+00:00,error,"{""info"": ""DNSError"", ""calendar"": ""DNSError"", ""get_eps_trend"": ""DNSError"", ""get_eps_revisions"": ""DNSError"", ""get_earnings_estimate"": ""DNSError"", ""get_revenue_estimate"": ""DNSError""}",-0.017317863845760173,-0.016016742835177067,-0.013192838173562982,2594583.1725,4.690786629348988,0.9934676102340773,0.008699911946721556,0.006792692177822532,1.281385328321952,0.8982035928143712,2.0256593014967956,0.985302123026674,-0.018962149492143466,2.1795794725588107,0.7114861186717474,bearish,0.5488239486813947,0.0,stage1_screen,2026-09-09,ok
LYFT,"[""rrf""]","[""bearish 20-day breakout, 5-day momentum is in the 95% percentile, relative volume 1.80x; stock moved 2.02 ATR today and is 3.49 ATR from its 20-day mean; 20-day bearish range breakout after volatility compression in the lowest 5% of recent history, with 1.80x normal volume""]","[{""from"": ""rrf"", ""Rank"": ""16"", ""Ticker"": ""LYFT"", ""RRF score"": ""0.105556"", ""Category rank and score"": ""momentum_breakout r26 s=0.9387; stretched_reversal r26 s=0.9562; compression_breakout r10 s=0.9403"", ""Direction"": ""bullish_reversal"", ""Risk"": ""normal"", ""Price"": ""$14.90"", ""Reasons"": ""bearish 20-day breakout, 5-day momentum is in the 95% percentile, relative volume 1.80x; stock moved 2.02 ATR today and is 3.49 ATR from its 20-day mean; 20-day bearish range breakout after volatility compression in the lowest 5% of recent history, with 1.80x normal volume""}]",,,,,,,,,,,,,,,,,,,,,,,,,,,,,,,,0q,,,,,,"[""price"", ""market_cap"", ""sector"", ""industry"", ""forward_pe"", ""peg"", ""revenue_growth"", ""earnings_growth"", ""operating_margin"", ""roe"", ""debt_to_equity"", ""free_cashflow"", ""analyst_recommendation"", ""analyst_score"", ""analyst_count"", ""analyst_target_mean"", ""short_float"", ""short_ratio"", ""currency"", ""financial_currency"", ""instrument_type"", ""price_as_of"", ""fcf_yield"", ""analyst_upside"", ""next_earnings_date"", ""earnings_date_start"", ""earnings_date_end"", ""earnings_date_status"", ""days_to_earnings"", ""next_eps_estimate"", ""next_revenue_estimate"", ""eps_consensus_current"", ""eps_consensus_30d_ago"", ""eps_revision_30d"", ""eps_revisions_up_30d"", ""eps_revisions_down_30d""]",2026-09-10T15:17:29.050073+00:00,error,"{""info"": ""DNSError"", ""calendar"": ""DNSError"", ""get_eps_trend"": ""DNSError"", ""get_eps_revisions"": ""DNSError"", ""get_earnings_estimate"": ""DNSError"", ""get_revenue_estimate"": ""DNSError""}",-0.08192177394518019,-0.11174016686531596,-0.1507122507122508,9722901.195,1.7956252383101232,0.8786064235166031,0.04420855896870658,0.030154836522591374,1.2924725193197986,0.9041916167664671,2.018428184281843,0.9847577572128471,-0.15439449849043954,3.4924119241192426,0.9275993467610234,bearish,1.5859078590785904,0.05,stage1_screen,2026-09-09,ok
BKNG,"[""rrf""]","[""relative volume is 4.74x its 20-day median; bearish 20-day breakout, 5-day momentum is in the 95% percentile, relative volume 4.74x""]","[{""from"": ""rrf"", ""Rank"": ""17"", ""Ticker"": ""BKNG"", ""RRF score"": ""0.103175"", ""Category rank and score"": ""volume_anomaly r11 s=0.9946; momentum_breakout r8 s=0.9713"", ""Direction"": ""non_directional"", ""Risk"": ""normal"", ""Price"": ""$173.43"", ""Reasons"": ""relative volume is 4.74x its 20-day median; bearish 20-day breakout, 5-day momentum is in the 95% percentile, relative volume 4.74x""}]",,,,,,,,,,,,,,,,,,,,,,,,,,,,,,,,0q,,,,,,"[""price"", ""market_cap"", ""sector"", ""industry"", ""forward_pe"", ""peg"", ""revenue_growth"", ""earnings_growth"", ""operating_margin"", ""roe"", ""debt_to_equity"", ""free_cashflow"", ""analyst_recommendation"", ""analyst_score"", ""analyst_count"", ""analyst_target_mean"", ""short_float"", ""short_ratio"", ""currency"", ""financial_currency"", ""instrument_type"", ""price_as_of"", ""fcf_yield"", ""analyst_upside"", ""next_earnings_date"", ""earnings_date_start"", ""earnings_date_end"", ""earnings_date_status"", ""days_to_earnings"", ""next_eps_estimate"", ""next_revenue_estimate"", ""eps_consensus_current"", ""eps_consensus_30d_ago"", ""eps_revision_30d"", ""eps_revisions_up_30d"", ""eps_revisions_down_30d""]",2026-09-10T15:17:29.538269+00:00,error,"{""info"": ""DNSError"", ""calendar"": ""DNSError"", ""get_eps_trend"": ""DNSError"", ""get_eps_revisions"": ""DNSError"", ""get_earnings_estimate"": ""DNSError"", ""get_revenue_estimate"": ""DNSError""}",-0.038316513252744766,-0.1142039940752847,-0.1850476951271086,42605961.92,4.738933253237549,0.994556341861731,0.036278531478323904,0.023389277180826097,1.2664880666567175,0.8900381056069678,1.0982573650451262,0.8938486663037561,-0.1830450325779853,5.045546914911731,0.9896570495372891,bearish,0.9711074530283225,0.7,stage1_screen,2026-09-09,ok
CNM,"[""rrf""]","[""relative volume is 4.12x its 20-day median; 5-day realized volatility is 1.76x its 20-day level""]","[{""from"": ""rrf"", ""Rank"": ""18"", ""Ticker"": ""CNM"", ""RRF score"": ""0.101149"", ""Category rank and score"": ""volume_anomaly r19 s=0.9902; volatility_expansion r5 s=0.9978"", ""Direction"": ""non_directional"", ""Risk"": ""normal"", ""Price"": ""$41.60"", ""Reasons"": ""relative volume is 4.12x its 20-day median; 5-day realized volatility is 1.76x its 20-day level""}]",,,,,,,,,,,,,,,,,,,,,,,,,,,,,,,,0q,,,,,,"[""price"", ""market_cap"", ""sector"", ""industry"", ""forward_pe"", ""peg"", ""revenue_growth"", ""earnings_growth"", ""operating_margin"", ""roe"", ""debt_to_equity"", ""free_cashflow"", ""analyst_recommendation"", ""analyst_score"", ""analyst_count"", ""analyst_target_mean"", ""short_float"", ""short_ratio"", ""currency"", ""financial_currency"", ""instrument_type"", ""price_as_of"", ""fcf_yield"", ""analyst_upside"", ""next_earnings_date"", ""earnings_date_start"", ""earnings_date_end"", ""earnings_date_status"", ""days_to_earnings"", ""next_eps_estimate"", ""next_revenue_estimate"", ""eps_consensus_current"", ""eps_consensus_30d_ago"", ""eps_revision_30d"", ""eps_revisions_up_30d"", ""eps_revisions_down_30d""]",2026-09-10T15:17:29.538257+00:00,error,"{""info"": ""DNSError"", ""calendar"": ""DNSError"", ""get_eps_trend"": ""DNSError"", ""get_eps_revisions"": ""DNSError"", ""get_earnings_estimate"": ""DNSError"", ""get_revenue_estimate"": ""DNSError""}",-0.056475391245180306,-0.011289364230540722,-0.10787046965472868,4974196.625,4.121764501191145,0.9902014153511159,0.027343749999999983,0.017803118393405273,1.7632632445714251,0.9978225367446925,2.1890109890109923,0.9880239520958084,-0.06968149038461538,2.5483516483516495,0.8002177463255308,none,0.0,0.25,stage1_screen,2026-09-09,ok
CHTR,"[""rrf""]","[""bearish 20-day breakout, 5-day momentum is in the 90% percentile, relative volume 2.76x; 20-day bearish range breakout after volatility compression in the lowest 10% of recent history, with 2.76x normal volume""]","[{""from"": ""rrf"", ""Rank"": ""20"", ""Ticker"": ""CHTR"", ""RRF score"": ""0.096983"", ""Category rank and score"": ""momentum_breakout r19 s=0.9512; compression_breakout r6 s=0.9518"", ""Direction"": ""bearish"", ""Risk"": ""normal"", ""Price"": ""$133.90"", ""Reasons"": ""bearish 20-day breakout, 5-day momentum is in the 90% percentile, relative volume 2.76x; 20-day bearish range breakout after volatility compression in the lowest 10% of recent history, with 2.76x normal volume""}]",,,,,,,,,,,,,,,,,,,,,,,,,,,,,,,,0q,,,,,,"[""price"", ""market_cap"", ""sector"", ""industry"", ""forward_pe"", ""peg"", ""revenue_growth"", ""earnings_growth"", ""operating_margin"", ""roe"", ""debt_to_equity"", ""free_cashflow"", ""analyst_recommendation"", ""analyst_score"", ""analyst_count"", ""analyst_target_mean"", ""short_float"", ""short_ratio"", ""currency"", ""financial_currency"", ""instrument_type"", ""price_as_of"", ""fcf_yield"", ""analyst_upside"", ""next_earnings_date"", ""earnings_date_start"", ""earnings_date_end"", ""earnings_date_status"", ""days_to_earnings"", ""next_eps_estimate"", ""next_revenue_estimate"", ""eps_consensus_current"", ""eps_consensus_30d_ago"", ""eps_revision_30d"", ""eps_revisions_up_30d"", ""eps_revisions_down_30d""]",2026-09-10T15:17:30.017498+00:00,error,"{""info"": ""DNSError"", ""calendar"": ""DNSError"", ""get_eps_trend"": ""DNSError"", ""get_eps_revisions"": ""DNSError"", ""get_earnings_estimate"": ""DNSError"", ""get_revenue_estimate"": ""DNSError""}",-0.08105418482550364,-0.08407155316892978,-0.1506818902632413,18381325.41,2.7624855198968854,0.9662493195427327,0.05477372994830703,0.04155659478936367,1.3981675151135498,0.9504627109417528,1.6103238373508648,0.9722373434948285,-0.1312296949101908,2.3958509861212565,0.7626565051714752,bearish,1.3812515217920618,0.1,stage1_screen,2026-09-09,ok
