ticker,sources,disposition,price,price_as_of,technical_as_of,return_5d,relative_volume_20,forward_pe,revenue_growth,next_earnings_date,yahoo_status,technical_status,reason,uncertainty,research_question_or_next_trigger
MU,"[""community""]",watch,1086.07,2026-10-01T18:02:33+00:00,2026-09-30,-0.00497118,1.04255,5.33501,3.457,2026-12-23,ok,ok,Existing 3-share post-earnings holding; official Q4 beat and Q1 guide supersede pre-event thesis,IEX book is dislocated; gap/semiconductor overlap,Review official result and next completed close; no add until quote and risk recheck
SPY,"[""community""]",watch,763.47,2026-10-01T18:02:33+00:00,2026-09-30,-0.00727931,0.9525,,,,partial,ok,Existing 13-share broad-beta holding; no distinct new catalyst,Broad growth correlation with MSFT/MU/DT,Reassess at completed close below 750.50 or observed bid 774/779
BP,"[""community"", ""experts""]",research,44.565,2026-10-01T18:02:28+00:00,2026-09-30,-0.0114633,0.946857,8.59268,0.482,2026-10-30,ok,ok,Dual community/expert upgrade; liquid integrated energy with FCF support,Brent/refining and high leverage; target is long horizon,Compare with OXY and buy only on verified setup/quote
EWZ,"[""community""]",watch,37.0005,2026-10-01T18:02:35+00:00,2026-09-30,-0.00347687,1.263,,,,partial,ok,Brazil ETF r5 near flat; no stock-specific catalyst,FX/rate/political drivers not researched,Revisit on a dated macro thesis and confirmed trend
QQQ,"[""community""]",watch,742.11,2026-10-01T18:02:35+00:00,2026-09-30,-0.0022397,0.635316,,,,partial,ok,Nasdaq ETF r5 near flat with subnormal relative volume,Adds existing SPY/MSFT/MU/DT growth beta,Revisit after broad-index breakout or risk reduction
GOOG,"[""community""]",watch,336.43,2026-10-01T18:02:37+00:00,2026-09-30,0.0171652,1.15329,22.3222,0.242,2026-10-28,partial,ok,Alphabet class C positive r5 but no breakout,Duplicates GOOGL and existing mega-cap exposure,Revisit on company catalyst and distinct entry
ES,"[""community""]",watch,64.21,2026-10-01T18:02:27+00:00,2026-09-30,-0.0105604,1.80029,13.0602,0.023,2026-11-04,ok,ok,Utility 1.8x relative volume but no directional breakout,No event-specific edge verified,Revisit on rate/catalyst confirmation
NVDA,"[""community""]",watch,230.61,2026-10-01T18:02:43+00:00,2026-09-30,0.0118341,1.13913,14.6931,1.059,2026-11-17,ok,ok,Strong growth metrics but no directional breakout,High correlation to held MU/MSFT/SPY after MU earnings,Revisit on independent setup and aggregate semiconductor risk
CD,"[""community""]",insufficient_evidence,6.415,2026-10-01T18:01:43+00:00,2026-09-30,,,,0.984,2026-11-12,partial,missing,Community-only nominee with missing local technical history,Tradability and catalyst unresolved,Verify asset and current broker data before considering research
GOOGL,"[""community""]",watch,339.675,2026-10-01T18:02:46+00:00,2026-09-30,0.0186652,1.53495,22.5375,0.242,2026-10-28,ok,ok,Alphabet class A positive r5 but no breakout,Duplicates GOOG and growth exposure,Revisit on company catalyst and distinct entry
OXY,"[""experts""]",research,57.6499,2026-10-01T18:02:45+00:00,2026-09-30,-0.035733,0.88835,14.1043,0.534,2026-11-09,ok,ok,High-strength fresh upgrade with energy cash-flow thesis,Headline pop near resistance and crude risk,Compare with BP; require fresh broker quote and entry trigger
ORA,"[""experts""]",research,89.9,2026-10-01T18:01:11+00:00,2026-09-30,-0.0433829,1.03685,34.9449,0.106,2026-11-04,ok,ok,"High-strength downgrade, premium valuation, negative FCF",Already near 52-week support; put theta/IV and squeeze,Compare Nov puts versus defined-risk debit spread
DLTR,"[""experts""]",research,114.465,2026-10-01T18:02:08+00:00,2026-09-30,0.00684569,0.893652,14.4664,0.07,,partial,ok,Upgrade amid 20-day decline and moderate valuation,No confirmed near-term company catalyst or earnings date,Review close above 117.50 or 108-110 support test
UTHR,"[""experts"", ""rrf""]",research,581.97,2026-10-01T18:02:33+00:00,2026-09-30,0.107518,7.12974,19.3771,-0.019,2026-10-28,partial,ok,Upgrade and 7.13x volume after court ruling,Remedy still pending; strong two-day extension,Wait for constructive 545-558 retest or reassess court order
XOM,"[""experts""]",watch,163.845,2026-10-01T18:02:35+00:00,2026-09-30,0.0101687,1.01133,14.5297,0.441,2026-10-30,ok,ok,Fresh downgrade but 5-day return positive and no breakout,Bear thesis weak beside ORA/CAG,Revisit if primary oil data and price confirm downside
SE,"[""experts""]",watch,93.92,2026-10-01T18:02:47+00:00,2026-09-30,-0.0575714,0.834537,18.0951,0.481,2026-11-10,ok,ok,Rating cut and negative 5-day return but below-normal volume,Growth/valuation countercase not resolved,Revisit on high-volume downside confirmation
LIFE,"[""experts""]",watch,32.045,2026-10-01T18:19:45+00:00,2026-09-30,-0.0126471,0.682189,12.1783,1.134,2026-11-04,partial,ok,New expert downgrade but 5-day decline small and relative volume 0.68,Public-market history and catalyst need checking,Revisit on dated company evidence and liquid bearish option setup
CBNK,"[""experts""]",insufficient_evidence,39.62,2026-10-01T18:02:26+00:00,2026-09-30,,,10.3392,0.088,2026-10-26,partial,missing,Expert downgrade with missing local technical history,Current liquidity and breakdown unverified,Verify asset/quotes/bars before an option thesis
LEN,"[""experts""]",watch,82.165,2026-10-01T18:02:48+00:00,2026-09-30,0.000613196,1.67048,15.2035,-0.087,2026-12-15,partial,ok,Bearish initiation while 5-day price is near flat,Housing weakness may be priced; no breakdown,Revisit on primary order data and price confirmation
LQDA,"[""rrf""]",research,26.54,2026-10-01T18:02:50+00:00,2026-09-30,-0.553349,11.5429,6.93553,18.427,2026-11-03,partial,ok,Extreme selloff on patent finding and 11.5x volume,Remedy and appeal are binary; stale analyst targets,Wait for court remedy scope before long or bearish option
PAAA,"[""rrf""]",watch,51.2864,2026-10-01T18:01:30+00:00,2026-09-30,-0.00407846,2.29726,,,,partial,ok,ETF with large normalized move but near-flat 5-day return,Price/ATR signal may reflect distribution/structure,Revisit only with underlying credit-market thesis
FNV,"[""rrf""]",insufficient_evidence,238.378,2026-10-01T18:01:17+00:00,2026-09-30,-0.0860104,6.62525,25.5096,0.582,2026-11-03,partial,ok,Gold royalty equity down 8.6% in 5 days on 6.6x volume,Catalyst and gold sensitivity unverified; research service timed out on next candidate,Research primary catalyst before any order
MTG,"[""rrf""]",insufficient_evidence,26.3,2026-10-01T18:02:39+00:00,2026-09-30,-0.117256,3.1633,7.60848,-0.029,2026-10-28,partial,ok,Mortgage insurer down 11.7% in 5 days on 3.16x volume,Cause and housing-credit exposure unverified,Research primary catalyst before new risk
JAAA,"[""rrf""]",watch,50.465,2026-10-01T18:02:54+00:00,2026-09-30,-0.00434053,2.28451,,,,partial,ok,CLO ETF near-flat return despite normalized volatility score,No distinct credit-spread catalyst,Revisit on specific credit-market thesis
NLY,"[""rrf""]",watch,18.7302,2026-10-01T18:02:53+00:00,2026-09-30,-0.102448,2.67885,6.0229,4.794,2026-10-20,partial,ok,Levered mortgage REIT down 10.2% in 5 days,Adds MAC/PK rate-property stress; book-value risk,Revisit after rate/book-value evidence and exposure reduction
GBIL,"[""rrf""]",watch,99.835,2026-10-01T18:01:10+00:00,2026-09-30,0.00079976,2.19454,,,,partial,ok,Short-bill ETF near-flat absolute return,Signal does not identify 1-4 week excess-return catalyst,Revisit on explicit cash-duration objective
JBL,"[""rrf""]",insufficient_evidence,297.73,2026-10-01T18:02:52+00:00,2026-09-30,-0.0706164,5.01326,13.4308,0.286,2026-12-16,partial,ok,Technology equity down about 10% one day on 5x volume,moneyheap request timed out; event not validated,Confirm primary event and fresh price before any trade
QURE,"[""rrf""]",insufficient_evidence,24.28,2026-10-01T18:02:26+00:00,2026-09-30,-0.437157,4.57729,-7.95193,0.11,2026-11-09,partial,ok,Biotech down 43.7% in 5 days on high volume,Binary catalyst unresolved; existing biotech gap exposure,Verify primary event before considering stock or options
FNF,"[""rrf""]",insufficient_evidence,39.09,2026-10-01T18:02:54+00:00,2026-09-30,-0.0757377,2.75909,6.75286,0.105,2026-11-05,partial,ok,Title insurer bearish breakout with 2.76x volume,Catalyst and escrow-adjusted cash flow unverified; FAF overlap,Research issuer-specific cause after FAF comparison
NOC,"[""rrf""]",watch,484.12,2026-10-01T18:02:26+00:00,2026-09-30,-0.0599887,2.10307,15.8976,0.051,2026-10-20,ok,ok,Defense stock down 6% in 5 days with bearish compression break,No primary catalyst or option edge established,Revisit on company/order-book news and downside follow-through
PULS,"[""rrf""]",watch,49.475,2026-10-01T18:03:00+00:00,2026-09-30,-0.00342569,0.892141,,,,partial,ok,ETF normalized move high while 5-day return near flat,Distribution/structure may distort ATR signal,Revisit on underlying credit-market thesis
USFR,"[""rrf""]",watch,50.4,2026-10-01T18:02:56+00:00,2026-09-30,-0.00217822,5.65676,,,,partial,ok,Floating-rate ETF near-flat 5-day return despite relative volume,No distinct directional catalyst,Revisit on explicit rate/cash allocation thesis
JBTM,"[""rrf""]",insufficient_evidence,107.12,2026-10-01T18:00:12+00:00,2026-09-30,-0.0678549,3.25885,11.6074,0.049,2026-11-02,partial,ok,Industrial down 6.8% in 5 days with 3.26x volume,Issuer-specific cause unverified,Research primary catalyst before any risk
CAG,"[""rrf""]",research,13.02,2026-10-01T18:02:59+00:00,2026-09-30,-0.0893099,3.43252,8.36519,-0.014,2026-12-18,partial,ok,Bearish technical and EPS revisions after earnings,Official Q1 EPS rose and FY guidance reaffirmed; model bear narrative overstated,Compare Nov put and spread; trade only if primary downside persists
DOCS,"[""rrf""]",research,28.21,2026-10-01T18:02:37+00:00,2026-09-30,0.0666165,2.598,18.2075,0.073,2026-11-05,ok,ok,"Bullish base break on 2.6x volume, liquid quote, modest valuation",Recent quarterly FCF fell 34%; no pre-Nov company catalyst,Assess bounded stock entry against 26.80 close invalidation
SUB,"[""rrf""]",watch,104.625,2026-10-01T18:03:00+00:00,2026-09-30,-0.00286205,4.26266,,,,partial,ok,Municipal bond ETF near-flat 5-day return,No duration or tax-aware mandate for this short horizon,Revisit on explicit municipal-rate thesis
FAF,"[""rrf""]",research,61.295,2026-10-01T18:02:45+00:00,2026-09-30,-0.107195,2.2541,8.29618,0.15,2026-10-21,partial,ok,Oversold title insurer near book value; 2.25x volume,Escrow distorts headline FCF; housing/rate overlap with MAC/PK,Compare recovery with DOCS and fresh quote quality
EDV,"[""rrf""]",watch,54.93,2026-10-01T18:03:06+00:00,2026-09-30,-0.0595976,7.24751,,,,partial,ok,Long-duration Treasury ETF down 6% in 5 days,Macro rate move needs explicit thesis and timing,Revisit after rate catalyst and portfolio-duration review
